level_0,level_1,level_2,epoch_signal
0,0,0,-1.1535785041817052e-05
0,0,1,-8.483488762970844e-06
0,0,2,-7.177471814062025e-06
0,0,3,-7.881337050210117e-06
0,0,4,-9.49803666627834e-06
0,0,5,-1.0589490715117984e-05
0,0,6,-1.0416651067013307e-05
0,0,7,-9.40398254358556e-06
0,0,8,-8.43351675773623e-06
0,0,9,-8.02705920388265e-06
0,0,10,-7.964678052752136e-06
0,0,11,-7.888567169399069e-06
0,0,12,-7.745914742289702e-06
0,0,13,-7.775569363179717e-06
0,0,14,-7.82414074655273e-06
0,0,15,-7.238693177531556e-06
0,0,16,-5.430657337434139e-06
0,0,17,-2.9168725157342475e-06
0,0,18,-1.3313391917223826e-06
0,0,19,-2.3494571346359454e-06
0,0,20,-6.006512283793832e-06
0,0,21,-1.0298335990890277e-05
0,0,22,-1.2275618974966836e-05
0,0,23,-1.0246849858853589e-05
0,0,24,-5.019132079026766e-06
0,1,0,-1.3895113286396311e-05
0,1,1,-1.3327798131615638e-05
0,1,2,-1.392581491760261e-05
0,1,3,-1.505732093091787e-05
0,1,4,-1.6114916310495378e-05
0,1,5,-1.6597401074188215e-05
0,1,6,-1.6725044655707395e-05
0,1,7,-1.691215609488496e-05
0,1,8,-1.7585970898042927e-05
0,1,9,-1.8318573984407987e-05
0,1,10,-1.8383965926844115e-05
0,1,11,-1.7186900624065107e-05
0,1,12,-1.534728239807907e-05
0,1,13,-1.4012483215611175e-05
0,1,14,-1.4114793367531794e-05
0,1,15,-1.5018727795965635e-05
0,1,16,-1.5332685371695983e-05
0,1,17,-1.3984188471219514e-05
0,1,18,-1.189105113992171e-05
0,1,19,-1.107354272010427e-05
0,1,20,-1.3163447343385922e-05
0,1,21,-1.717777948346405e-05
0,1,22,-2.0213036924515465e-05
0,1,23,-1.9241174154783396e-05
0,1,24,-1.4139579645109615e-05
0,2,0,-9.211012503249755e-06
0,2,1,-6.607228813893776e-06
0,2,2,-5.0678471625648005e-06
0,2,3,-5.381169547185964e-06
0,2,4,-6.759812195698725e-06
0,2,5,-7.892444527269444e-06
0,2,6,-8.076838396237616e-06
0,2,7,-8.169197948376802e-06
0,2,8,-9.20999677955168e-06
0,2,9,-1.1213297133252725e-05
0,2,10,-1.2504606461221073e-05
0,2,11,-1.1592210093955843e-05
0,2,12,-8.550021575577877e-06
0,2,13,-5.4235236246850125e-06
0,2,14,-3.977781002660743e-06
0,2,15,-4.231837073652439e-06
0,2,16,-4.272454743840988e-06
0,2,17,-2.7875363645498465e-06
0,2,18,-4.4183198700827704e-07
0,2,19,1.9638603427446354e-07
0,2,20,-2.4429739278509116e-06
0,2,21,-7.399952411324938e-06
0,2,22,-1.1278639599176339e-05
0,2,23,-1.13653289974623e-05
0,2,24,-7.503717754790077e-06
1,0,0,-1.4190768918071221e-05
1,0,1,-1.129663377022011e-05
1,0,2,-1.0554382036319105e-05
1,0,3,-1.1897206600155032e-05
1,0,4,-1.4045053312760638e-05
1,0,5,-1.580528792960998e-05
1,0,6,-1.7162594559696977e-05
1,0,7,-1.8811704929440538e-05
1,0,8,-2.110334348413487e-05
1,0,9,-2.3180454790952868e-05
1,0,10,-2.357780648371661e-05
1,0,11,-2.135814752358045e-05
1,0,12,-1.714291454924888e-05
1,0,13,-1.2652386983333331e-05
1,0,14,-9.58342221294041e-06
1,0,15,-8.381093482344871e-06
1,0,16,-8.32614617721954e-06
1,0,17,-8.262271271968576e-06
1,0,18,-7.727470917058674e-06
1,0,19,-7.035144622262858e-06
1,0,20,-6.902370035357698e-06
1,0,21,-7.59270926609947e-06
1,0,22,-8.824920355061743e-06
1,0,23,-9.903490865561973e-06
1,0,24,-1.0369302044537692e-05
1,1,0,-1.0631089548205426e-05
1,1,1,-7.894598210755335e-06
1,1,2,-6.594634131075949e-06
1,1,3,-7.049297815224867e-06
1,1,4,-8.65133201090741e-06
1,1,5,-1.0611248011495886e-05
1,1,6,-1.2807556968108666e-05
1,1,7,-1.5468051654741934e-05
1,1,8,-1.8638487659130057e-05
1,1,9,-2.1543604409971894e-05
1,1,10,-2.3055462568427804e-05
1,1,11,-2.2323135968456203e-05
1,1,12,-1.9606312272326082e-05
1,1,13,-1.6008556360506358e-05
1,1,14,-1.2972604793088207e-05
1,1,15,-1.1306955443845395e-05
1,1,16,-1.1055786472878029e-05
1,1,17,-1.1505118335207822e-05
1,1,18,-1.192426734211694e-05
1,1,19,-1.1808001175688595e-05
1,1,20,-1.1292529402468789e-05
1,1,21,-1.0797157462457676e-05
1,1,22,-1.0881172218684808e-05
1,1,23,-1.1590661770152473e-05
1,1,24,-1.2551804143776059e-05
1,2,0,2.2225638862569087e-06
1,2,1,3.0517087452601075e-06
1,2,2,3.2720913201137077e-06
1,2,3,3.25758269661695e-06
1,2,4,3.0651030558316486e-06
1,2,5,1.8572495086383929e-06
1,2,6,-7.814124845050737e-07
1,2,7,-4.415334908427072e-06
1,2,8,-7.465959899784398e-06
1,2,9,-8.8352296595589e-06
1,2,10,-8.377756728133285e-06
1,2,11,-7.172436123722211e-06
1,2,12,-5.951688669949786e-06
1,2,13,-4.825988143301391e-06
1,2,14,-3.0881074513632045e-06
1,2,15,-6.949824286371876e-07
1,2,16,1.8157134306863085e-06
1,2,17,3.386717849469264e-06
1,2,18,3.935108965809217e-06
1,2,19,4.014883657673502e-06
1,2,20,4.571141539503134e-06
1,2,21,5.399235750211189e-06
1,2,22,5.720382335969355e-06
1,2,23,4.609891471344291e-06
1,2,24,2.592412822627094e-06
2,0,0,-1.0339236332036349e-05
2,0,1,-8.405096139275968e-06
2,0,2,-7.4778102521272025e-06
2,0,3,-7.611994919639003e-06
2,0,4,-8.516004290437388e-06
2,0,5,-9.654698222386808e-06
2,0,6,-1.0897011978646916e-05
2,0,7,-1.2191666064380346e-05
2,0,8,-1.368918185497346e-05
2,0,9,-1.5171195490042795e-05
2,0,10,-1.6292126626404023e-05
2,0,11,-1.6311074675505227e-05
2,0,12,-1.476562778581869e-05
2,0,13,-1.1518541749610254e-05
2,0,14,-7.3459698981936244e-06
2,0,15,-3.3162421953723527e-06
2,0,16,-5.732546554938418e-07
2,0,17,5.809514364212266e-07
2,0,18,2.9841592539855487e-07
2,0,19,-8.27027191508035e-07
2,0,20,-2.5455836673307587e-06
2,0,21,-4.521101140265928e-06
2,0,22,-6.550865607395627e-06
2,0,23,-8.125721918196928e-06
2,0,24,-9.16510557559476e-06
2,1,0,-2.0320997585203458e-05
2,1,1,-1.93271017602958e-05
2,1,2,-1.8742542585712557e-05
2,1,3,-1.8285092937351654e-05
2,1,4,-1.8092198566976164e-05
2,1,5,-1.8030450424167516e-05
2,1,6,-1.8542827732567898e-05
2,1,7,-1.9426993383869426e-05
2,1,8,-2.0825995617281576e-05
2,1,9,-2.2414178572247598e-05
2,1,10,-2.442933655424917e-05
2,1,11,-2.6280861157452476e-05
2,1,12,-2.7364722744408583e-05
2,1,13,-2.6351024672963087e-05
2,1,14,-2.3178418977982083e-05
2,1,15,-1.8565362828826346e-05
2,1,16,-1.4769763440188217e-05
2,1,17,-1.3164876341482641e-05
2,1,18,-1.4334850343277307e-05
2,1,19,-1.68512345008736e-05
2,1,20,-1.9483302020684655e-05
2,1,21,-2.1008907373661653e-05
2,1,22,-2.184359505725793e-05
2,1,23,-2.2269772639327084e-05
2,1,24,-2.3093408143142727e-05
2,2,0,-1.0903830278628768e-05
2,2,1,-1.0431387064188896e-05
2,2,2,-8.770536936659914e-06
2,2,3,-6.099881738864916e-06
2,2,4,-3.4311219280566555e-06
2,2,5,-2.0387948401581654e-06
2,2,6,-2.766964321684957e-06
2,2,7,-5.348593265472437e-06
2,2,8,-8.838507478512933e-06
2,2,9,-1.222116570737087e-05
2,2,10,-1.5033393216351315e-05
2,2,11,-1.6968357047525895e-05
2,2,12,-1.755547590403595e-05
2,2,13,-1.6025877505460788e-05
2,2,14,-1.2211156899927657e-05
2,2,15,-7.096792356854934e-06
2,2,16,-2.781878943622636e-06
2,2,17,-1.0470604294414787e-06
2,2,18,-2.252765113470835e-06
2,2,19,-4.940165746065463e-06
2,2,20,-7.117666351965312e-06
2,2,21,-7.574742743695045e-06
2,2,22,-6.810925071104243e-06
2,2,23,-6.2037733201965426e-06
2,2,24,-6.891485202604683e-06
3,0,0,7.263571132176683e-06
3,0,1,3.1744858024565243e-06
3,0,2,-1.5080514683249156e-06
3,0,3,-4.432517810184773e-06
3,0,4,-4.9220871739121094e-06
3,0,5,-4.240978223137232e-06
3,0,6,-3.955916749704319e-06
3,0,7,-4.372418035598181e-06
3,0,8,-4.3069245935518224e-06
3,0,9,-2.607633762384895e-06
3,0,10,4.863779012965237e-07
3,0,11,3.27800048917812e-06
3,0,12,4.230414987715556e-06
3,0,13,3.3381362797554393e-06
3,0,14,2.257206358064712e-06
3,0,15,2.681552217777199e-06
3,0,16,4.878044346625645e-06
3,0,17,7.389245111940354e-06
3,0,18,8.464753899430912e-06
3,0,19,7.5273682553674e-06
3,0,20,5.651628173469612e-06
3,0,21,4.405510910310013e-06
3,0,22,4.540602889749822e-06
3,0,23,5.3144726617322874e-06
3,0,24,5.386451892492575e-06
3,1,0,9.59918193736757e-06
3,1,1,8.141693372993816e-06
3,1,2,6.2983178424398266e-06
3,1,3,5.272017448420895e-06
3,1,4,5.388180296249579e-06
3,1,5,5.96113904763779e-06
3,1,6,6.156571272066924e-06
3,1,7,5.729276830487352e-06
3,1,8,5.211405810208518e-06
3,1,9,5.150877481712064e-06
3,1,10,5.477769163687998e-06
3,1,11,5.381476956399744e-06
3,1,12,4.214221252410243e-06
3,1,13,2.2583132131332633e-06
3,1,14,8.714193557146559e-07
3,1,15,1.3304625297662804e-06
3,1,16,3.703489401848828e-06
3,1,17,6.492167546064294e-06
3,1,18,7.876459975748656e-06
3,1,19,7.220151126871273e-06
3,1,20,5.793827672210747e-06
3,1,21,5.588759169373797e-06
3,1,22,7.576833853944521e-06
3,1,23,1.0600208928439152e-05
3,1,24,1.237760898474766e-05
3,2,0,9.674479368647251e-06
3,2,1,1.030057116510266e-05
3,2,2,1.0734613329874175e-05
3,2,3,1.0949606966640529e-05
3,2,4,1.085106939879908e-05
3,2,5,1.0403751521566903e-05
3,2,6,9.684366667596497e-06
3,2,7,8.719088639603384e-06
3,2,8,7.507817029370992e-06
3,2,9,6.058833695777075e-06
3,2,10,4.423908169411616e-06
3,2,11,2.5234560247047765e-06
3,2,12,2.12525745593686e-07
3,2,13,-2.4368277444636853e-06
3,2,14,-4.7078447797806145e-06
3,2,15,-5.4731740325882875e-06
3,2,16,-3.989782331126292e-06
3,2,17,-8.131741318020838e-07
3,2,18,2.370250184716659e-06
3,2,19,3.934243854436e-06
3,2,20,3.683765735654394e-06
3,2,21,2.9034816612426246e-06
3,2,22,3.1208823667225587e-06
3,2,23,4.5786536020538365e-06
3,2,24,6.097910318119976e-06
4,0,0,6.4714165146394285e-06
4,0,1,7.832819508924252e-06
4,0,2,9.338798693540298e-06
4,0,3,1.065667472594119e-05
4,0,4,1.1286978574322215e-05
4,0,5,1.0692187220393673e-05
4,0,6,9.189131515590569e-06
4,0,7,7.378769188011349e-06
4,0,8,5.967935155948588e-06
4,0,9,4.872169374562529e-06
4,0,10,3.858494222383859e-06
4,0,11,2.6249918328247673e-06
4,0,12,1.542356608542805e-06
4,0,13,8.451284100797999e-07
4,0,14,6.040987135725601e-07
4,0,15,1.2241141758348807e-07
4,0,16,-1.0122054996681751e-06
4,0,17,-2.8010399963861697e-06
4,0,18,-4.233681892733005e-06
4,0,19,-4.470210909166721e-06
4,0,20,-3.0827359755744924e-06
4,0,21,-8.400111380640213e-07
4,0,22,1.3787824378505057e-06
4,0,23,2.7472899501040937e-06
4,0,24,3.486927432395367e-06
4,1,0,5.599930674861082e-06
4,1,1,5.216516806710761e-06
4,1,2,5.172552923565587e-06
4,1,3,5.158656935709072e-06
4,1,4,4.478107869880949e-06
4,1,5,2.6438447487787487e-06
4,1,6,1.2358193728211193e-07
4,1,7,-2.3048880737071937e-06
4,1,8,-4.006194708961169e-06
4,1,9,-5.091742135321603e-06
4,1,10,-5.758732453933654e-06
4,1,11,-6.085587756120975e-06
4,1,12,-5.7310896353539385e-06
4,1,13,-4.752704697119327e-06
4,1,14,-3.6474186888511275e-06
4,1,15,-3.3925218809445848e-06
4,1,16,-4.338577192432465e-06
4,1,17,-6.071018378377233e-06
4,1,18,-7.405424659128108e-06
4,1,19,-7.625443799893464e-06
4,1,20,-6.764399687042826e-06
4,1,21,-5.782954844787974e-06
4,1,22,-5.417028013428158e-06
4,1,23,-5.900031189108731e-06
4,1,24,-6.521312122317955e-06
4,2,0,-1.2419790622048683e-06
4,2,1,-4.926049842386782e-07
4,2,2,3.478296600395343e-07
4,2,3,4.877707469783089e-07
4,2,4,-6.07843103315555e-07
4,2,5,-2.5850357290921463e-06
4,2,6,-4.480207347481806e-06
4,2,7,-5.624078487148745e-06
4,2,8,-6.285338261458474e-06
4,2,9,-7.323734571393348e-06
4,2,10,-9.199678743905255e-06
4,2,11,-1.1282477666875012e-05
4,2,12,-1.2246628649016894e-05
4,2,13,-1.1210487885976027e-05
4,2,14,-8.593242947237459e-06
4,2,15,-5.854904607919485e-06
4,2,16,-4.366303320728105e-06
4,2,17,-4.364350817473244e-06
4,2,18,-4.918226550744496e-06
4,2,19,-4.7885620719678626e-06
4,2,20,-3.4513294454396426e-06
4,2,21,-1.4123450665828034e-06
4,2,22,2.574614011048175e-07
4,2,23,7.078859303856033e-07
4,2,24,-1.7771480125855238e-07
5,0,0,-8.958316490655357e-07
5,0,1,-1.6158021266831398e-06
5,0,2,-2.2171838612178725e-06
5,0,3,-2.6630701937681273e-06
5,0,4,-3.111382148724155e-06
5,0,5,-3.499779684116574e-06
5,0,6,-4.273168151495689e-06
5,0,7,-5.589890944597548e-06
5,0,8,-7.540369664221921e-06
5,0,9,-9.324259874818992e-06
5,0,10,-1.0190659820149238e-05
5,0,11,-9.429780906882596e-06
5,0,12,-7.440662122378677e-06
5,0,13,-4.86444267125901e-06
5,0,14,-2.705162882485991e-06
5,0,15,-1.226699278138986e-06
5,0,16,-7.124804703137487e-07
5,0,17,-1.0425039518671697e-06
5,0,18,-2.457810697040959e-06
5,0,19,-4.486169631037594e-06
5,0,20,-6.4866465493443825e-06
5,0,21,-7.208840650591486e-06
5,0,22,-6.388217393273e-06
5,0,23,-4.42831121522745e-06
5,0,24,-2.8501863623182113e-06
5,1,0,1.7923994431536558e-06
5,1,1,1.7602726337284425e-06
5,1,2,2.062370762168832e-06
5,1,3,2.237842487979661e-06
5,1,4,1.173318304812389e-06
5,1,5,-1.367052957355368e-06
5,1,6,-4.95525353579694e-06
5,1,7,-8.397579347352746e-06
5,1,8,-1.1107419579260713e-05
5,1,9,-1.2760657599820307e-05
5,1,10,-1.3550016066804765e-05
5,1,11,-1.3138173576640686e-05
5,1,12,-1.1421367696246021e-05
5,1,13,-8.397422186665938e-06
5,1,14,-5.164660328425992e-06
5,1,15,-2.848094888270849e-06
5,1,16,-2.4301073061132024e-06
5,1,17,-3.478068590070211e-06
5,1,18,-5.09473946610543e-06
5,1,19,-6.0146198834841295e-06
5,1,20,-6.057440713671083e-06
5,1,21,-5.3755397748981e-06
5,1,22,-4.66813769570105e-06
5,1,23,-3.894079112615683e-06
5,1,24,-3.110063017589047e-06
5,2,0,7.4033080830266025e-06
5,2,1,8.486311834567215e-06
5,2,2,9.02342448884136e-06
5,2,3,8.591745555138147e-06
5,2,4,7.315837246881234e-06
5,2,5,5.6677487853998125e-06
5,2,6,3.909634018832951e-06
5,2,7,1.9047618763648808e-06
5,2,8,-6.577685878954802e-07
5,2,9,-3.6624089807491217e-06
5,2,10,-6.3471380635669525e-06
5,2,11,-7.572991420671214e-06
5,2,12,-6.654211128100172e-06
5,2,13,-3.883281227557453e-06
5,2,14,-5.375890476060329e-07
5,2,15,1.92098744398523e-06
5,2,16,2.656334475906427e-06
5,2,17,1.8947678027360555e-06
5,2,18,4.899560354055571e-07
5,2,19,-7.161480532280343e-07
5,2,20,-1.467118203470149e-06
5,2,21,-1.915702552093417e-06
5,2,22,-2.25100760588294e-06
5,2,23,-2.296572017828144e-06
5,2,24,-1.7504420872494327e-06
6,0,0,4.365988271758716e-06
6,0,1,5.342827068977274e-06
6,0,2,4.196163052938513e-06
6,0,3,1.4563166804330578e-06
6,0,4,-1.6258305792122044e-06
6,0,5,-4.251626223466376e-06
6,0,6,-6.337476319307107e-06
6,0,7,-8.069619190985249e-06
6,0,8,-9.282474049618079e-06
6,0,9,-9.622912473479842e-06
6,0,10,-9.00249155847343e-06
6,0,11,-7.906089858382415e-06
6,0,12,-6.908755415855055e-06
6,0,13,-6.1298801487573245e-06
6,0,14,-5.035610668076919e-06
6,0,15,-3.1350311941099338e-06
6,0,16,-6.007591399273566e-07
6,0,17,1.6248750640642835e-06
6,0,18,2.641542453856374e-06
6,0,19,2.3723758557653177e-06
6,0,20,1.7389206081956898e-06
6,0,21,1.8317543708794466e-06
6,0,22,3.029202570933607e-06
6,0,23,4.6752830499825326e-06
6,0,24,5.780650185179339e-06
6,1,0,2.349942668389722e-07
6,1,1,1.928119337744926e-06
6,1,2,2.862115113105477e-06
6,1,3,2.264283864040432e-06
6,1,4,-1.6496115013317053e-07
6,1,5,-4.1766438411560845e-06
6,1,6,-8.767431557903907e-06
6,1,7,-1.242980088468344e-05
6,1,8,-1.3810969745717489e-05
6,1,9,-1.2715692181094617e-05
6,1,10,-1.0349105441091288e-05
6,1,11,-8.554979413170059e-06
6,1,12,-8.34658288727079e-06
6,1,13,-9.212042778863276e-06
6,1,14,-9.62256104472184e-06
6,1,15,-8.539200043657048e-06
6,1,16,-6.231021781867693e-06
6,1,17,-3.906613404984412e-06
6,1,18,-2.3533217595803063e-06
6,1,19,-1.2243149467932888e-06
6,1,20,5.10610296592712e-07
6,1,21,3.243236326977406e-06
6,1,22,6.146945179999919e-06
6,1,23,7.730330368443657e-06
6,1,24,7.202114755272711e-06
6,2,0,-1.848975107617305e-06
6,2,1,-6.251208198973285e-07
6,2,2,4.4635713248964307e-07
6,2,3,6.436248991532468e-07
6,2,4,-3.7737350447322333e-07
6,2,5,-2.3368036984595085e-06
6,2,6,-4.614038403448289e-06
6,2,7,-6.5222769143119725e-06
6,2,8,-7.72511350675655e-06
6,2,9,-8.244089381215561e-06
6,2,10,-8.449067662176751e-06
6,2,11,-8.691148961948586e-06
6,2,12,-9.11378970096878e-06
6,2,13,-9.39412289327566e-06
6,2,14,-9.036672552662677e-06
6,2,15,-7.671104800177435e-06
6,2,16,-5.490786215851622e-06
6,2,17,-3.055627576089502e-06
6,2,18,-9.210420240291135e-07
6,2,19,9.592441672032293e-07
6,2,20,3.062807491170167e-06
6,2,21,5.811982278122301e-06
6,2,22,8.809697596314512e-06
6,2,23,1.0974714113953917e-05
6,2,24,1.1154800615950308e-05
7,0,0,1.2081735801936844e-05
7,0,1,1.7367926452203485e-05
7,0,2,2.051879158550935e-05
7,0,3,2.0564241583019365e-05
7,0,4,1.8487146283308357e-05
7,0,5,1.5825091631339362e-05
7,0,6,1.4286228028200236e-05
7,0,7,1.3829727164726361e-05
7,0,8,1.3602223973847535e-05
7,0,9,1.211801809271638e-05
7,0,10,9.316267235260712e-06
7,0,11,5.792006863790665e-06
7,0,12,2.9139779578532527e-06
7,0,13,9.419514894333888e-07
7,0,14,-7.21022114988251e-08
7,0,15,-6.234739068668171e-07
7,0,16,-1.3983579018810774e-07
7,0,17,1.7686387118168352e-06
7,0,18,5.673060234537313e-06
7,0,19,1.0829427062553196e-05
7,0,20,1.6582690542864655e-05
7,0,21,2.1846119814587675e-05
7,0,22,2.6498228939223715e-05
7,0,23,2.988367385988941e-05
7,0,24,3.17300499954082e-05
7,1,0,8.26842745979767e-06
7,1,1,1.3189499637607477e-05
7,1,2,1.664133476210884e-05
7,1,3,1.7394518622488057e-05
7,1,4,1.582426653773362e-05
7,1,5,1.3469488677114077e-05
7,1,6,1.2266138402054283e-05
7,1,7,1.2452122067784844e-05
7,1,8,1.2675911609842053e-05
7,1,9,1.0830260159712434e-05
7,1,10,6.439667145521075e-06
7,1,11,7.669859883811098e-07
7,1,12,-3.870890999151631e-06
7,1,13,-6.414599288379389e-06
7,1,14,-7.151068091082468e-06
7,1,15,-7.342927820269804e-06
7,1,16,-7.303769343402523e-06
7,1,17,-6.593699898104367e-06
7,1,18,-4.205195063057467e-06
7,1,19,-1.1227684975851287e-07
7,1,20,5.160992881935914e-06
7,1,21,1.045737460238672e-05
7,1,22,1.5125384605029738e-05
7,1,23,1.8390114111119715e-05
7,1,24,1.9889070541341904e-05
7,2,0,7.812860101699605e-06
7,2,1,1.364811489439554e-05
7,2,2,1.7268317135789497e-05
7,2,3,1.769012332245891e-05
7,2,4,1.57825752999831e-05
7,2,5,1.3121984570707893e-05
7,2,6,1.1596370486581628e-05
7,2,7,1.1276582685928159e-05
7,2,8,1.1159094158602416e-05
7,2,9,9.444088350148323e-06
7,2,10,5.872111156539784e-06
7,2,11,1.1808461925711378e-06
7,2,12,-2.8880813691269618e-06
7,2,13,-5.722464351271678e-06
7,2,14,-7.19798783205245e-06
7,2,15,-7.998842312238622e-06
7,2,16,-7.852227398553525e-06
7,2,17,-6.534866503959394e-06
7,2,18,-3.4593333627323927e-06
7,2,19,8.090016428965853e-07
7,2,20,5.852009868139547e-06
7,2,21,1.0871929569589785e-05
7,2,22,1.6031145298851953e-05
7,2,23,2.090165830163893e-05
7,2,24,2.515737179435598e-05
8,0,0,1.0054725284805151e-05
8,0,1,1.0139683005153132e-05
8,0,2,1.075019115535827e-05
8,0,3,1.1966238704239779e-05
8,0,4,1.3302899804288888e-05
8,0,5,1.3947296455182824e-05
8,0,6,1.3446499561093738e-05
8,0,7,1.1784267729193234e-05
8,0,8,9.543843913312536e-06
8,0,9,7.495554857821088e-06
8,0,10,6.381091320279482e-06
8,0,11,6.3251450261588384e-06
8,0,12,6.874674102286607e-06
8,0,13,7.075304998508541e-06
8,0,14,6.338068582265727e-06
8,0,15,4.71613209562666e-06
8,0,16,3.0942047039347464e-06
8,0,17,2.3852417499072546e-06
8,0,18,3.0878833518653483e-06
8,0,19,4.802102993087514e-06
8,0,20,6.797752677243241e-06
8,0,21,8.35068725502211e-06
8,0,22,9.38928801936899e-06
8,0,23,1.0219454422836442e-05
8,0,24,1.1433357019381327e-05
8,1,0,-4.3496752107467524e-05
8,1,1,-4.381064274438682e-05
8,1,2,-4.4142679619866296e-05
8,1,3,-4.36525216311592e-05
8,1,4,-4.310274735525618e-05
8,1,5,-4.231253469083509e-05
8,1,6,-4.21362382352164e-05
8,1,7,-4.226218215301158e-05
8,1,8,-4.3517686493027e-05
8,1,9,-4.5264251040507113e-05
8,1,10,-4.756350024697929e-05
8,1,11,-4.90013808328864e-05
8,1,12,-4.974684635731348e-05
8,1,13,-4.9471646353179896e-05
8,1,14,-4.961674059170097e-05
8,1,15,-5.0152868081299474e-05
8,1,16,-5.170553417623838e-05
8,1,17,-5.296971145785914e-05
8,1,18,-5.3887460019625116e-05
8,1,19,-5.331187355610539e-05
8,1,20,-5.195391791058953e-05
8,1,21,-4.945433539456628e-05
8,1,22,-4.7144262473385956e-05
8,1,23,-4.485226594157167e-05
8,1,24,-4.362231767546113e-05
8,2,0,1.0162168624899067e-05
8,2,1,9.997026212469132e-06
8,2,2,9.699894288972305e-06
8,2,3,9.667568664002322e-06
8,2,4,1.005831087677085e-05
8,2,5,1.0762870966881451e-05
8,2,6,1.1462680584194964e-05
8,2,7,1.170953927780746e-05
8,2,8,1.103064731135066e-05
8,2,9,9.22276317497176e-06
8,2,10,6.604872858783197e-06
8,2,11,3.9994371632263005e-06
8,2,12,2.258469282426413e-06
8,2,13,1.6823953297392697e-06
8,2,14,1.81978105485113e-06
8,2,15,1.8312883457873139e-06
8,2,16,1.1191528922938239e-06
8,2,17,-2.543272595784381e-07
8,2,18,-1.7040223864739368e-06
8,2,19,-2.5576826755287332e-06
8,2,20,-2.4454384766305006e-06
8,2,21,-1.3611199595294139e-06
8,2,22,4.6977539359140786e-07
8,2,23,2.7696797091070327e-06
8,2,24,5.229641543048679e-06
9,0,0,-1.711415414356297e-05
9,0,1,-1.726237267833013e-05
9,0,2,-1.7891277360041098e-05
9,0,3,-1.8347280548006747e-05
9,0,4,-1.8291641299301997e-05
9,0,5,-1.7433123398972647e-05
9,0,6,-1.630003122687386e-05
9,0,7,-1.4751695781971448e-05
9,0,8,-1.2686355519557079e-05
9,0,9,-9.558395101161971e-06
9,0,10,-5.935475653356508e-06
9,0,11,-2.572593659487551e-06
9,0,12,-7.86292651248567e-07
9,0,13,-7.634757025778397e-07
9,0,14,-2.4319875954876663e-06
9,0,15,-4.845973380175953e-06
9,0,16,-7.726375885421422e-06
9,0,17,-1.0476706822055678e-05
9,0,18,-1.3102468996904326e-05
9,0,19,-1.5042016681444145e-05
9,0,20,-1.643842576352396e-05
9,0,21,-1.7053324226618915e-05
9,0,22,-1.7276933324924604e-05
9,0,23,-1.6712908358226092e-05
9,0,24,-1.5518865488285054e-05
9,1,0,-4.7453205095256e-07
9,1,1,-8.323658345375239e-07
9,1,2,-1.0888094201064207e-06
9,1,3,-5.012655567158934e-07
9,1,4,1.0441585956027613e-06
9,1,5,2.7403255852709605e-06
9,1,6,3.899779461693457e-06
9,1,7,4.620950927082648e-06
9,1,8,5.9647486502639735e-06
9,1,9,8.75435738947216e-06
9,1,10,1.279787266837988e-05
9,1,11,1.662382007667899e-05
9,1,12,1.8681328498200748e-05
9,1,13,1.8273617296831563e-05
9,1,14,1.6226621179027422e-05
9,1,15,1.4028503419324804e-05
9,1,16,1.3008673170710697e-05
9,1,17,1.336383158464106e-05
9,1,18,1.440607323823233e-05
9,1,19,1.4888354275108934e-05
9,1,20,1.4025034242682666e-05
9,1,21,1.1745840486077075e-05
9,1,22,8.97265867661921e-06
9,1,23,6.8220209066312135e-06
9,1,24,6.095039589000523e-06
9,2,0,-7.176100296031314e-06
9,2,1,-5.415599742927211e-06
9,2,2,-3.821929260646801e-06
9,2,3,-2.8073466146411795e-06
9,2,4,-2.3142120316297672e-06
9,2,5,-2.081066699334948e-06
9,2,6,-2.0302599598506083e-06
9,2,7,-1.8139830260409303e-06
9,2,8,-8.17922421811855e-07
9,2,9,1.6949989256053068e-06
9,2,10,5.630164461985817e-06
9,2,11,9.922426545535049e-06
9,2,12,1.284534538213678e-05
9,2,13,1.3365863032037211e-05
9,2,14,1.1744228133845746e-05
9,2,15,9.499929870477762e-06
9,2,16,8.071442545990533e-06
9,2,17,7.981463687218183e-06
9,2,18,8.381988425144751e-06
9,2,19,8.003085650782444e-06
9,2,20,5.96757208565823e-06
9,2,21,2.6485810334582775e-06
9,2,22,-7.955375740803787e-07
9,2,23,-3.013679133233489e-06
9,2,24,-3.5768255280369963e-06
10,0,0,7.572432627118118e-06
10,0,1,8.865969125745356e-06
10,0,2,9.057648411181171e-06
10,0,3,7.881646278413328e-06
10,0,4,6.045737699472161e-06
10,0,5,4.641412011592268e-06
10,0,6,4.441588382879657e-06
10,0,7,5.123679587947086e-06
10,0,8,5.616218633818903e-06
10,0,9,4.805699862787683e-06
10,0,10,2.5821446272910698e-06
10,0,11,-2.211862271214296e-07
10,0,12,-2.40490557134942e-06
10,0,13,-3.545241323158946e-06
10,0,14,-4.080826390109231e-06
10,0,15,-4.919051280552353e-06
10,0,16,-6.333855075148567e-06
10,0,17,-7.823023159446538e-06
10,0,18,-8.417023616770632e-06
10,0,19,-7.73907388683891e-06
10,0,20,-6.1386520433876954e-06
10,0,21,-4.484718077471934e-06
10,0,22,-3.170891115543672e-06
10,0,23,-2.084992442324179e-06
10,0,24,-7.889357338407743e-07
10,1,0,9.527874641302966e-06
10,1,1,1.2095362943155509e-05
10,1,2,1.431132717196013e-05
10,1,3,1.452338059421078e-05
10,1,4,1.2731336945389759e-05
10,1,5,1.0388098026122494e-05
10,1,6,9.788914904112589e-06
10,1,7,1.1530488872190769e-05
10,1,8,1.4341429264250086e-05
10,1,9,1.5559586113275377e-05
10,1,10,1.3907753080152018e-05
10,1,11,1.0007879031008167e-05
10,1,12,6.268344534601561e-06
10,1,13,4.213206620105826e-06
10,1,14,3.913628519622661e-06
10,1,15,3.752581379996893e-06
10,1,16,2.788030038281325e-06
10,1,17,1.121940584545768e-06
10,1,18,2.801150045246724e-07
10,1,19,1.032557808609842e-06
10,1,20,3.2684249650172877e-06
10,1,21,5.557662817461047e-06
10,1,22,7.212088638118856e-06
10,1,23,8.191434002772851e-06
10,1,24,9.564872886322405e-06
10,2,0,3.236384193792144e-06
10,2,1,5.023429623455622e-06
10,2,2,7.074991404730697e-06
10,2,3,8.76946664327892e-06
10,2,4,9.67472384082673e-06
10,2,5,9.766371804300646e-06
10,2,6,9.451099463009824e-06
10,2,7,9.133454431905661e-06
10,2,8,8.987767930425969e-06
10,2,9,8.842627853371244e-06
10,2,10,8.42056700818154e-06
10,2,11,7.368857878401619e-06
10,2,12,5.3989039665390385e-06
10,2,13,2.3491164379155845e-06
10,2,14,-1.4112928721466433e-06
10,2,15,-4.938166676681177e-06
10,2,16,-6.9907852908154605e-06
10,2,17,-6.932285863129955e-06
10,2,18,-5.162741294576656e-06
10,2,19,-2.9423170855870216e-06
10,2,20,-1.2700763552938321e-06
10,2,21,-1.7952399088364566e-07
10,2,22,1.287307096473559e-06
10,2,23,3.922522650342771e-06
10,2,24,7.51543568470233e-06
11,0,0,4.381178652494082e-06
11,0,1,1.8646908125002427e-06
11,0,2,-1.4588129705782115e-06
11,0,3,-4.206730290136937e-06
11,0,4,-5.240060714507448e-06
11,0,5,-4.383116603833497e-06
11,0,6,-2.386824088812978e-06
11,0,7,-1.862310482931293e-07
11,0,8,1.7354148698659963e-06
11,0,9,3.4278546592413203e-06
11,0,10,5.000170933201661e-06
11,0,11,6.2344349336353666e-06
11,0,12,6.669801322712395e-06
11,0,13,6.130350175626205e-06
11,0,14,5.000197490447349e-06
11,0,15,4.0114701421079424e-06
11,0,16,3.5897258010791726e-06
11,0,17,3.525027621211895e-06
11,0,18,3.1559866799468045e-06
11,0,19,2.0502422863420808e-06
11,0,20,3.6850122436364833e-07
11,0,21,-1.185119544440566e-06
11,0,22,-1.962651214995346e-06
11,0,23,-1.7714228570393895e-06
11,0,24,-9.878920683928513e-07
11,1,0,9.85915263439197e-06
11,1,1,8.50981827118163e-06
11,1,2,7.0802380978444665e-06
11,1,3,5.405524724268722e-06
11,1,4,3.7551057735287505e-06
11,1,5,2.5226658556961018e-06
11,1,6,2.0232357502652067e-06
11,1,7,1.99331519312043e-06
11,1,8,2.0478079327870407e-06
11,1,9,1.9530791469144317e-06
11,1,10,2.046317089049679e-06
11,1,11,2.573817475576493e-06
11,1,12,3.3894506991898738e-06
11,1,13,3.6714828276249807e-06
11,1,14,2.8117758539048145e-06
11,1,15,8.861599003638217e-07
11,1,16,-1.0467256444367674e-06
11,1,17,-1.9396904752101257e-06
11,1,18,-1.3626494567921767e-06
11,1,19,3.984915283844067e-08
11,1,20,1.4049465089725738e-06
11,1,21,2.1692180194263233e-06
11,1,22,2.605708543971494e-06
11,1,23,3.158427763762738e-06
11,1,24,4.118161148173341e-06
11,2,0,4.098301057771608e-06
11,2,1,2.081773376728756e-06
11,2,2,1.1694691412781887e-06
11,2,3,1.2705417437396642e-06
11,2,4,1.4197847333541656e-06
11,2,5,4.4892363562682e-07
11,2,6,-1.6511245367401207e-06
11,2,7,-4.033501014496214e-06
11,2,8,-5.3952656238798506e-06
11,2,9,-5.245107318783846e-06
11,2,10,-3.7860409629779444e-06
11,2,11,-1.9871697373289758e-06
11,2,12,-6.237412073636513e-07
11,2,13,-3.385423774913563e-07
11,2,14,-1.0985473800234104e-06
11,2,15,-2.611086022425327e-06
11,2,16,-3.979796079152018e-06
11,2,17,-4.437441086977773e-06
11,2,18,-3.3554483297627163e-06
11,2,19,-1.0416111009051347e-06
11,2,20,1.7723978353742184e-06
11,2,21,3.987838922818584e-06
11,2,22,5.174307884568279e-06
11,2,23,5.313556618655012e-06
11,2,24,4.997564321347538e-06
12,0,0,-5.520115601431437e-06
12,0,1,-4.7250393230706714e-06
12,0,2,-3.466859613400654e-06
12,0,3,-2.4184437639849257e-06
12,0,4,-2.3397379103100915e-06
12,0,5,-3.7624381199237043e-06
12,0,6,-6.408344875121039e-06
12,0,7,-9.433180234330596e-06
12,0,8,-1.1646959493031119e-05
12,0,9,-1.2385555785772288e-05
12,0,10,-1.170173945112883e-05
12,0,11,-1.0458749758396292e-05
12,0,12,-9.450900101768225e-06
12,0,13,-9.017090040048061e-06
12,0,14,-8.673714312053683e-06
12,0,15,-7.889001544075108e-06
12,0,16,-6.432553441655686e-06
12,0,17,-4.826080184166582e-06
12,0,18,-3.6571997588176236e-06
12,0,19,-3.270329446951179e-06
12,0,20,-3.229338520131461e-06
12,0,21,-2.956408796706274e-06
12,0,22,-1.9305040328885094e-06
12,0,23,-4.2130223564765013e-07
12,0,24,9.322437247409479e-07
12,1,0,-4.226855589197658e-06
12,1,1,-3.0410394627546246e-06
12,1,2,-1.3217552092606975e-06
12,1,3,1.7690956874365505e-07
12,1,4,6.923427566501628e-07
12,1,5,-3.13239671761147e-08
12,1,6,-1.3559633063924616e-06
12,1,7,-2.3267799753029636e-06
12,1,8,-2.2880664232504202e-06
12,1,9,-1.6173739154501653e-06
12,1,10,-1.3969980708574586e-06
12,1,11,-2.7988266500469537e-06
12,1,12,-5.965593025157682e-06
12,1,13,-9.888951319244894e-06
12,1,14,-1.2787379282152341e-05
12,1,15,-1.3401916857744257e-05
12,1,16,-1.1565632475586717e-05
12,1,17,-8.352560814135681e-06
12,1,18,-5.105311796474259e-06
12,1,19,-2.812388853342944e-06
12,1,20,-1.5140535877492344e-06
12,1,21,-7.636509622094829e-07
12,1,22,1.747287936839316e-07
12,1,23,1.591797286964726e-06
12,1,24,3.3882145139728034e-06
12,2,0,-7.086197107219279e-06
12,2,1,-5.881923149326601e-06
12,2,2,-5.320197021470546e-06
12,2,3,-4.696243265191923e-06
12,2,4,-3.513154349602264e-06
12,2,5,-1.877845380264824e-06
12,2,6,-6.685508296446066e-07
12,2,7,-5.556719853340198e-07
12,2,8,-1.5653371753128194e-06
12,2,9,-2.9604247615712653e-06
12,2,10,-4.332217277787137e-06
12,2,11,-5.9778464655583184e-06
12,2,12,-8.749104875592213e-06
12,2,13,-1.2669728500969385e-05
12,2,14,-1.6475502588886803e-05
12,2,15,-1.799373303111617e-05
12,2,16,-1.5992351347466575e-05
12,2,17,-1.1097576663653575e-05
12,2,18,-5.708248221275369e-06
12,2,19,-2.069106480030532e-06
12,2,20,-9.286813248904897e-07
12,2,21,-1.03656349618455e-06
12,2,22,-5.650163159382166e-07
12,2,23,1.5461362866807545e-06
12,2,24,4.624385542925603e-06
13,0,0,-1.2943496596623159e-05
13,0,1,-1.0868511324651706e-05
13,0,2,-1.0683117011496676e-05
13,0,3,-1.2119841447721664e-05
13,0,4,-1.4544667136124029e-05
13,0,5,-1.706797218470606e-05
13,0,6,-1.9408481892231578e-05
13,0,7,-2.1318479002076815e-05
13,0,8,-2.2817695911585474e-05
13,0,9,-2.355716750204067e-05
13,0,10,-2.355328505099989e-05
13,0,11,-2.289554138325961e-05
13,0,12,-2.2231722290820956e-05
13,0,13,-2.182175699774931e-05
13,0,14,-2.1701457767955325e-05
13,0,15,-2.1099346072962072e-05
13,0,16,-1.945650612358385e-05
13,0,17,-1.6432549700067184e-05
13,0,18,-1.2750389768282169e-05
13,0,19,-9.349667519186324e-06
13,0,20,-7.411305088159516e-06
13,0,21,-7.258467047834276e-06
13,0,22,-8.825669778707171e-06
13,0,23,-1.1258927574514261e-05
13,0,24,-1.392418946864738e-05
13,1,0,-1.6140930769736775e-05
13,1,1,-1.4867093926643486e-05
13,1,2,-1.558576937473594e-05
13,1,3,-1.7153097979677435e-05
13,1,4,-1.900762609822863e-05
13,1,5,-2.0376542246457814e-05
13,1,6,-2.128887604048663e-05
13,1,7,-2.1239325313204154e-05
13,1,8,-2.0605254701510137e-05
13,1,9,-1.9705566522003207e-05
13,1,10,-1.9864896899404326e-05
13,1,11,-2.140019964883401e-05
13,1,12,-2.423867881327761e-05
13,1,13,-2.676200277934972e-05
13,1,14,-2.8090383111914734e-05
13,1,15,-2.761130495162762e-05
13,1,16,-2.63252066645802e-05
13,1,17,-2.462587181386905e-05
13,1,18,-2.300136000199407e-05
13,1,19,-2.076926643010998e-05
13,1,20,-1.8346165871283644e-05
13,1,21,-1.6221236970312696e-05
13,1,22,-1.5896542991366874e-05
13,1,23,-1.7281020957973163e-05
13,1,24,-1.9799598089227047e-05
13,2,0,-1.5088450388438257e-05
13,2,1,-1.2424049967699495e-05
13,2,2,-1.157194582410262e-05
13,2,3,-1.210857680997553e-05
13,2,4,-1.3877227527122607e-05
13,2,5,-1.601601858274666e-05
13,2,6,-1.8231105331049935e-05
13,2,7,-1.9533865561282117e-05
13,2,8,-1.9927887775791995e-05
13,2,9,-1.9487715616639187e-05
13,2,10,-1.9634414931433866e-05
13,2,11,-2.096033599028864e-05
13,2,12,-2.3751320613102172e-05
13,2,13,-2.6441546318181543e-05
13,2,14,-2.796312079058022e-05
13,2,15,-2.7372967859699837e-05
13,2,16,-2.5649532126628335e-05
13,2,17,-2.3406840394725502e-05
13,2,18,-2.1475102723205125e-05
13,2,19,-1.913029292466555e-05
13,2,20,-1.6449069034480584e-05
13,2,21,-1.3497421078811152e-05
13,2,22,-1.1878054096641822e-05
13,2,23,-1.2042976047552762e-05
13,2,24,-1.4114556171310037e-05
14,0,0,-1.6267155175702161e-06
14,0,1,-7.461271363577424e-07
14,0,2,-4.0266305095177025e-07
14,0,3,-7.242167265445157e-07
14,0,4,-1.518055273547195e-06
14,0,5,-2.2693239199548794e-06
14,0,6,-2.862982043468125e-06
14,0,7,-3.5740643020812683e-06
14,0,8,-5.0241015581513045e-06
14,0,9,-7.292504705656388e-06
14,0,10,-9.821904096426874e-06
14,0,11,-1.147149249659281e-05
14,0,12,-1.1542156597994736e-05
14,0,13,-1.0106621053261621e-05
14,0,14,-8.217338595052637e-06
14,0,15,-6.8832546392288735e-06
14,0,16,-6.5630266431331865e-06
14,0,17,-6.635224516423038e-06
14,0,18,-6.2544714660118725e-06
14,0,19,-4.919494750175546e-06
14,0,20,-3.2839183893918e-06
14,0,21,-2.458839153665049e-06
14,0,22,-3.3408534861669456e-06
14,0,23,-5.492863137983539e-06
14,0,24,-7.610012948755366e-06
14,1,0,4.041541311577577e-06
14,1,1,5.436139043982349e-06
14,1,2,6.806415432507773e-06
14,1,3,6.839934314544264e-06
14,1,4,5.172117093698003e-06
14,1,5,2.400556549519677e-06
14,1,6,-9.772857229216689e-08
14,1,7,-1.5067195133143215e-06
14,1,8,-1.7704840765942305e-06
14,1,9,-1.6870513969849068e-06
14,1,10,-1.7655340606566002e-06
14,1,11,-2.083986723067972e-06
14,1,12,-2.0203393733947813e-06
14,1,13,-1.2816233001996041e-06
14,1,14,5.165250704183078e-08
14,1,15,1.2496776621216836e-06
14,1,16,1.952090889956759e-06
14,1,17,2.1968084511104363e-06
14,1,18,2.7050508327370628e-06
14,1,19,3.799847820352357e-06
14,1,20,5.3788477890766816e-06
14,1,21,6.592646339426134e-06
14,1,22,7.002625456817453e-06
14,1,23,6.635576672776812e-06
14,1,24,6.318443141500548e-06
14,2,0,-5.115917232450726e-06
14,2,1,-2.7590402580282124e-06
14,2,2,-4.083495757098711e-07
14,2,3,8.132094088283545e-08
14,2,4,-2.0431827883617246e-06
14,2,5,-5.750873328199584e-06
14,2,6,-9.208192342036474e-06
14,2,7,-1.109870152671749e-05
14,2,8,-1.1551903470959936e-05
14,2,9,-1.1524078025841383e-05
14,2,10,-1.1804224953630563e-05
14,2,11,-1.2165479892536695e-05
14,2,12,-1.1858875399680812e-05
14,2,13,-1.0396528678335674e-05
14,2,14,-8.25351392925365e-06
14,2,15,-6.340743224324556e-06
14,2,16,-5.322443109619514e-06
14,2,17,-4.972543757931049e-06
14,2,18,-4.69572739978939e-06
14,2,19,-4.047677854320821e-06
14,2,20,-3.237652393223194e-06
14,2,21,-2.601103590328858e-06
14,2,22,-2.262453960673197e-06
14,2,23,-1.8794684645337937e-06
14,2,24,-1.3132477956935432e-06
15,0,0,-7.221248341295842e-06
15,0,1,-6.893230704862335e-06
15,0,2,-5.556539409588677e-06
15,0,3,-3.829021500436909e-06
15,0,4,-2.6240528704806653e-06
15,0,5,-2.644720410290664e-06
15,0,6,-3.3736633261233684e-06
15,0,7,-3.960253220506991e-06
15,0,8,-3.7682672534531682e-06
15,0,9,-3.369308301628504e-06
15,0,10,-3.5288827874112164e-06
15,0,11,-4.591376341727581e-06
15,0,12,-5.599734224002572e-06
15,0,13,-5.5676767180746665e-06
15,0,14,-4.1741987555634036e-06
15,0,15,-2.5919395215772388e-06
15,0,16,-2.0316045568377454e-06
15,0,17,-2.9627192348390883e-06
15,0,18,-4.283281732730108e-06
15,0,19,-4.8284146752018795e-06
15,0,20,-4.092902660939322e-06
15,0,21,-3.0350895483269655e-06
15,0,22,-2.504038676330464e-06
15,0,23,-2.6566211486406976e-06
15,0,24,-2.304846418849232e-06
15,1,0,-1.3721965865279967e-05
15,1,1,-1.3214360129954069e-05
15,1,2,-1.1986849309680598e-05
15,1,3,-1.1377726501825844e-05
15,1,4,-1.225832838903484e-05
15,1,5,-1.4206125554440548e-05
15,1,6,-1.5678057622489443e-05
15,1,7,-1.5513545307998286e-05
15,1,8,-1.3886943841065372e-05
15,1,9,-1.2247740415356908e-05
15,1,10,-1.1872813951890003e-05
15,1,11,-1.2859155149894282e-05
15,1,12,-1.4070226671289302e-05
15,1,13,-1.4457165013360453e-05
15,1,14,-1.393534642221922e-05
15,1,15,-1.3419040096648632e-05
15,1,16,-1.3588099884716417e-05
15,1,17,-1.4191938892073016e-05
15,1,18,-1.4145838423942599e-05
15,1,19,-1.2837010044969765e-05
15,1,20,-1.0785271457922031e-05
15,1,21,-9.45813458653181e-06
15,1,22,-9.746111900022056e-06
15,1,23,-1.1150064695068665e-05
15,1,24,-1.1931202785018125e-05
15,2,0,-1.1606506623284987e-05
15,2,1,-1.2907151732607209e-05
15,2,2,-1.4203218081734596e-05
15,2,3,-1.5221453440415907e-05
15,2,4,-1.593572547889464e-05
15,2,5,-1.6359956014677223e-05
15,2,6,-1.6190254487138305e-05
15,2,7,-1.5311839752820723e-05
15,2,8,-1.3957977561119606e-05
15,2,9,-1.2819450248602034e-05
15,2,10,-1.2295019588638386e-05
15,2,11,-1.2286639140533491e-05
15,2,12,-1.223363233333278e-05
15,2,13,-1.204336822167401e-05
15,2,14,-1.2201429672048308e-05
15,2,15,-1.3469411551962217e-05
15,2,16,-1.5686954663592643e-05
15,2,17,-1.7682473380509363e-05
15,2,18,-1.78953533515573e-05
15,2,19,-1.607018954318299e-05
15,2,20,-1.3577073898383583e-05
15,2,21,-1.2649092429676536e-05
15,2,22,-1.4167960245802403e-05
15,2,23,-1.6879804276467175e-05
15,2,24,-1.8037905370450096e-05
16,0,0,-2.907016939960672e-05
16,0,1,-2.877452686465571e-05
16,0,2,-2.9188662736693953e-05
16,0,3,-3.028181717685337e-05
16,0,4,-3.1902312660065475e-05
16,0,5,-3.355016865469766e-05
16,0,6,-3.4977225525896624e-05
16,0,7,-3.6023482052959226e-05
16,0,8,-3.692852097177536e-05
16,0,9,-3.7728524164907986e-05
16,0,10,-3.8400421025610275e-05
16,0,11,-3.8500800138351315e-05
16,0,12,-3.7767086740837785e-05
16,0,13,-3.5910597024084575e-05
16,0,14,-3.303920142690392e-05
16,0,15,-2.9211942891023196e-05
16,0,16,-2.4871441207773102e-05
16,0,17,-2.051227669296453e-05
16,0,18,-1.7006972010351297e-05
16,0,19,-1.4845325716329e-05
16,0,20,-1.4240325466119874e-05
16,0,21,-1.4701485852919305e-05
16,0,22,-1.5844757089872015e-05
16,0,23,-1.7342029863477194e-05
16,0,24,-1.9370419902193094e-05
16,1,0,-1.5427055998549696e-05
16,1,1,-1.4581118229122728e-05
16,1,2,-1.4899041201811894e-05
16,1,3,-1.603112492617033e-05
16,1,4,-1.6966492947157364e-05
16,1,5,-1.6955587741722725e-05
16,1,6,-1.6093830585015272e-05
16,1,7,-1.5480855885142172e-05
16,1,8,-1.6190459669146082e-05
16,1,9,-1.844665266819898e-05
16,1,10,-2.1224540567111824e-05
16,1,11,-2.319516241189334e-05
16,1,12,-2.355787181474822e-05
16,1,13,-2.253116433089471e-05
16,1,14,-2.0638197327694997e-05
16,1,15,-1.821335490458987e-05
16,1,16,-1.5127036247432769e-05
16,1,17,-1.148461614153707e-05
16,1,18,-7.797290279769006e-06
16,1,19,-4.931098083753668e-06
16,1,20,-3.285832693868617e-06
16,1,21,-2.7624832412225485e-06
16,1,22,-2.929097579899766e-06
16,1,23,-3.7819809785687316e-06
16,1,24,-5.483696886444603e-06
16,2,0,-1.2212502952106338e-05
16,2,1,-1.2378438443928037e-05
16,2,2,-1.3876689106251134e-05
16,2,3,-1.582878345228781e-05
16,2,4,-1.7374821149741424e-05
16,2,5,-1.818639311565299e-05
16,2,6,-1.8651652777033336e-05
16,2,7,-1.95284391520126e-05
16,2,8,-2.1391436485352906e-05
16,2,9,-2.4175012728013283e-05
16,2,10,-2.7187841301789e-05
16,2,11,-2.9477800565440955e-05
16,2,12,-3.0302812680457715e-05
16,2,13,-2.9342677299382938e-05
16,2,14,-2.6710919735370865e-05
16,2,15,-2.286011328991671e-05
16,2,16,-1.848787824465525e-05
16,2,17,-1.4342545396164733e-05
16,2,18,-1.0948420257935972e-05
16,2,19,-8.376730090498626e-06
16,2,20,-6.343260705696577e-06
16,2,21,-4.642854470210774e-06
16,2,22,-3.5409717911673224e-06
16,2,23,-3.666721804689195e-06
16,2,24,-5.361547016803875e-06
17,0,0,-2.3035121901018494e-05
17,0,1,-2.229071721122737e-05
17,0,2,-2.1677351064828794e-05
17,0,3,-2.1793388038588877e-05
17,0,4,-2.2582282299470633e-05
17,0,5,-2.3134828715265965e-05
17,0,6,-2.2715618590311978e-05
17,0,7,-2.118746665213207e-05
17,0,8,-1.9386712226725548e-05
17,0,9,-1.8226752853140273e-05
17,0,10,-1.825699318862696e-05
17,0,11,-1.9051297851671242e-05
17,0,12,-1.988881442763007e-05
17,0,13,-2.009421180375608e-05
17,0,14,-1.9818374425726e-05
17,0,15,-1.9605609414810078e-05
17,0,16,-2.0135965614743014e-05
17,0,17,-2.1262959079078715e-05
17,0,18,-2.224971427907741e-05
17,0,19,-2.196042947598441e-05
17,0,20,-2.0096829693344673e-05
17,0,21,-1.7301393639596453e-05
17,0,22,-1.5155397930635478e-05
17,0,23,-1.4738382234530628e-05
17,0,24,-1.6166917580338826e-05
17,1,0,-4.146332565081604e-06
17,1,1,-3.289384452630906e-06
17,1,2,-3.0021760259729956e-06
17,1,3,-3.219273324015897e-06
17,1,4,-3.704947867574324e-06
17,1,5,-4.276681711479934e-06
17,1,6,-4.8703241916840765e-06
17,1,7,-5.438895176767671e-06
17,1,8,-5.9741244493853205e-06
17,1,9,-6.576892435765152e-06
17,1,10,-7.415467663572618e-06
17,1,11,-8.458377250082823e-06
17,1,12,-9.304670813842426e-06
17,1,13,-9.344304410748992e-06
17,1,14,-8.299903980501426e-06
17,1,15,-6.585070612245359e-06
17,1,16,-5.066446904501085e-06
17,1,17,-4.330293514565281e-06
17,1,18,-4.199129460902019e-06
17,1,19,-3.984487616691553e-06
17,1,20,-3.2803269766599227e-06
17,1,21,-2.4021281563877593e-06
17,1,22,-2.037753832507004e-06
17,1,23,-2.426805840296571e-06
17,1,24,-3.0393126960881077e-06
17,2,0,6.76751788967432e-07
17,2,1,8.540520993781587e-07
17,2,2,8.603503502817875e-07
17,2,3,9.814095538598975e-07
17,2,4,9.464321151484396e-07
17,2,5,2.4073706658258383e-07
17,2,6,-1.586049462262812e-06
17,2,7,-4.266221430860033e-06
17,2,8,-7.070889219766693e-06
17,2,9,-9.150357936886814e-06
17,2,10,-1.0307799101504295e-05
17,2,11,-1.0857592294897394e-05
17,2,12,-1.1354844342384028e-05
17,2,13,-1.1799686211203203e-05
17,2,14,-1.1751493177631766e-05
17,2,15,-1.0585561697947778e-05
17,2,16,-8.32607487283386e-06
17,2,17,-5.5959267153263335e-06
17,2,18,-3.3993263566067637e-06
17,2,19,-2.2196764224346934e-06
17,2,20,-1.932958941024116e-06
17,2,21,-1.8394687050548371e-06
17,2,22,-1.4845503977293205e-06
17,2,23,-8.285938871046547e-07
17,2,24,-4.3825867322123485e-07
18,0,0,-4.231181509861632e-06
18,0,1,-2.394054026102986e-06
18,0,2,-8.620066311078667e-07
18,0,3,-3.572214435305032e-07
18,0,4,-1.0312271268918494e-06
18,0,5,-2.3957173100383732e-06
18,0,6,-3.806227380083536e-06
18,0,7,-4.712601800939653e-06
18,0,8,-4.982998217784772e-06
18,0,9,-4.7819864251760595e-06
18,0,10,-4.588114166082652e-06
18,0,11,-4.8055470676755085e-06
18,0,12,-5.597998908085731e-06
18,0,13,-6.5844819872656e-06
18,0,14,-7.188956913327155e-06
18,0,15,-7.00725951429098e-06
18,0,16,-6.360393403345992e-06
18,0,17,-5.959305506291694e-06
18,0,18,-6.352775475610426e-06
18,0,19,-7.169650159510226e-06
18,0,20,-7.437374117083833e-06
18,0,21,-6.324359222724797e-06
18,0,22,-4.1967756885787565e-06
18,0,23,-2.3774617502134176e-06
18,0,24,-2.2830039937659757e-06
18,1,0,-1.0527512652045302e-05
18,1,1,-1.098119480949744e-05
18,1,2,-1.0295245164049715e-05
18,1,3,-9.090238881012257e-06
18,1,4,-8.441466469143947e-06
18,1,5,-8.833795568291775e-06
18,1,6,-1.039466967113755e-05
18,1,7,-1.2367613274028347e-05
18,1,8,-1.4025761838454926e-05
18,1,9,-1.465694389493307e-05
18,1,10,-1.4561310161818712e-05
18,1,11,-1.435477337071334e-05
18,1,12,-1.489922019037187e-05
18,1,13,-1.5990808844429383e-05
18,1,14,-1.6924637272762314e-05
18,1,15,-1.6617009780250632e-05
18,1,16,-1.514122873056648e-05
18,1,17,-1.3218252767335662e-05
18,1,18,-1.2092165159736424e-05
18,1,19,-1.1878938853100891e-05
18,1,20,-1.2082241480998565e-05
18,1,21,-1.1698738118568256e-05
18,1,22,-1.0894358436865483e-05
18,1,23,-1.0347582583139947e-05
18,1,24,-1.112283733367491e-05
18,2,0,-7.842847961453316e-06
18,2,1,-8.96381620519893e-06
18,2,2,-8.507744623230688e-06
18,2,3,-6.834937914376152e-06
18,2,4,-5.153556853143413e-06
18,2,5,-4.6093039377581905e-06
18,2,6,-5.624424822736341e-06
18,2,7,-7.497727458797058e-06
18,2,8,-9.114123667428248e-06
18,2,9,-9.680278306952166e-06
18,2,10,-9.416794777539293e-06
18,2,11,-9.095265840202804e-06
18,2,12,-9.40267578157858e-06
18,2,13,-1.0161160904754486e-05
18,2,14,-1.0677641125714644e-05
18,2,15,-1.0291369988966656e-05
18,2,16,-9.151414405948136e-06
18,2,17,-7.906370710350507e-06
18,2,18,-7.274550552380092e-06
18,2,19,-7.300707620392852e-06
18,2,20,-7.638341162552551e-06
18,2,21,-7.850308728502074e-06
18,2,22,-8.060191004968299e-06
18,2,23,-8.583033323361102e-06
18,2,24,-9.672188169560403e-06
19,0,0,-3.1009295078598628e-06
19,0,1,-3.0878247804056813e-06
19,0,2,-2.488958526354596e-06
19,0,3,-1.8798948356563383e-06
19,0,4,-1.9453939165699316e-06
19,0,5,-2.2968055760710395e-06
19,0,6,-2.3556360598329235e-06
19,0,7,-1.5893894906553733e-06
19,0,8,-6.778699217704531e-07
19,0,9,-4.492358651625912e-07
19,0,10,-1.5840385694472275e-06
19,0,11,-3.4552890216322835e-06
19,0,12,-5.27040000301916e-06
19,0,13,-6.193244281776163e-06
19,0,14,-6.394258620970078e-06
19,0,15,-5.916983079208739e-06
19,0,16,-4.868000614585363e-06
19,0,17,-2.727563737324457e-06
19,0,18,2.9425198574338034e-07
19,0,19,3.6460580847570007e-06
19,0,20,6.0354625919763e-06
19,0,21,7.053848926780355e-06
19,0,22,6.8011847465009934e-06
19,0,23,6.281690823852133e-06
19,0,24,5.700890409028386e-06
19,1,0,-7.975533781674261e-07
19,1,1,8.73442415864229e-09
19,1,2,1.0395128965968789e-06
19,1,3,1.7770238892942498e-06
19,1,4,1.7114307666270918e-06
19,1,5,1.3168617638943604e-06
19,1,6,1.2238433737833925e-06
19,1,7,1.895736414607877e-06
19,1,8,2.6124806416218073e-06
19,1,9,2.433227054885712e-06
19,1,10,6.68767880558419e-07
19,1,11,-2.0150997743397913e-06
19,1,12,-4.5873389127873085e-06
19,1,13,-6.039008166174525e-06
19,1,14,-6.497969394752298e-06
19,1,15,-6.265466893322271e-06
19,1,16,-5.631735341258127e-06
19,1,17,-4.002255141652265e-06
19,1,18,-1.052257918891149e-06
19,1,19,3.1484964452692702e-06
19,1,20,7.402413140226722e-06
19,1,21,1.0729265500948062e-05
19,1,22,1.254047402241042e-05
19,1,23,1.3393335593206218e-05
19,1,24,1.364491201780605e-05
19,2,0,-1.9551349687689534e-06
19,2,1,-4.124805461816151e-07
19,2,2,1.9154253381041856e-06
19,2,3,3.6264588374396232e-06
19,2,4,3.362369584546343e-06
19,2,5,1.2693770448072184e-06
19,2,6,-1.294265640540514e-06
19,2,7,-2.649593846773264e-06
19,2,8,-2.4368248340805962e-06
19,2,9,-1.544427346110658e-06
19,2,10,-1.4621597292316661e-06
19,2,11,-2.7305929004233198e-06
19,2,12,-4.942700325938132e-06
19,2,13,-7.042940810962628e-06
19,2,14,-8.520434621094681e-06
19,2,15,-9.212143187079848e-06
19,2,16,-9.145976355146262e-06
19,2,17,-7.751116324465591e-06
19,2,18,-4.506696926762489e-06
19,2,19,6.861957092429569e-07
19,2,20,6.730054256209048e-06
19,2,21,1.2208341104289009e-05
19,2,22,1.59690930210105e-05
19,2,23,1.807822436257413e-05
19,2,24,1.905438140255408e-05
20,0,0,-9.513602122634306e-06
20,0,1,-7.301804107221648e-06
20,0,2,-6.407045389071782e-06
20,0,3,-7.191196453114172e-06
20,0,4,-9.288197317962679e-06
20,0,5,-1.1452351634611956e-05
20,0,6,-1.2576527848117466e-05
20,0,7,-1.2423527553935012e-05
20,0,8,-1.1957169950534325e-05
20,0,9,-1.2311367210449532e-05
20,0,10,-1.3980030988976818e-05
20,0,11,-1.6285982807703056e-05
20,0,12,-1.8174658451037976e-05
20,0,13,-1.888626603379869e-05
20,0,14,-1.857107445563859e-05
20,0,15,-1.774529254429478e-05
20,0,16,-1.6938027945354994e-05
20,0,17,-1.618585544309922e-05
20,0,18,-1.5423285597257843e-05
20,0,19,-1.4495094580968385e-05
20,0,20,-1.3482783307064818e-05
20,0,21,-1.2372633684856944e-05
20,0,22,-1.128642341874798e-05
20,0,23,-1.0331885431949202e-05
20,0,24,-9.904497130515009e-06
20,1,0,-6.733707514581567e-06
20,1,1,-5.395875349137005e-06
20,1,2,-4.866461749527032e-06
20,1,3,-4.383819825147387e-06
20,1,4,-3.4075561923868007e-06
20,1,5,-1.7880091302638367e-06
20,1,6,-3.027118441056071e-08
20,1,7,1.2059564321665583e-06
20,1,8,1.2304454868714116e-06
20,1,9,-1.4427511347439888e-07
20,1,10,-2.731224635452585e-06
20,1,11,-5.819727898915899e-06
20,1,12,-8.717686562550238e-06
20,1,13,-1.0851954882853921e-05
20,1,14,-1.2205809071001543e-05
20,1,15,-1.2922598590852296e-05
20,1,16,-1.3250652607074416e-05
20,1,17,-1.30510992801912e-05
20,1,18,-1.2164812687213533e-05
20,1,19,-1.0471563447541569e-05
20,1,20,-8.417129845753382e-06
20,1,21,-6.6139292433605216e-06
20,1,22,-5.6603742384500676e-06
20,1,23,-5.415275962808555e-06
20,1,24,-5.256066730103517e-06
20,2,0,-1.4942692582572883e-05
20,2,1,-1.217704721012409e-05
20,2,2,-1.0192454798919404e-05
20,2,3,-9.156351143262923e-06
20,2,4,-8.757081508043503e-06
20,2,5,-8.246888442151447e-06
20,2,6,-7.168730478454089e-06
20,2,7,-5.525432143739344e-06
20,2,8,-4.149586737173038e-06
20,2,9,-4.0572195452782435e-06
20,2,10,-5.9993869383960865e-06
20,2,11,-9.6212637414599e-06
20,2,12,-1.381749191422003e-05
20,2,13,-1.717986477294735e-05
20,2,14,-1.9127954431853505e-05
20,2,15,-1.984334405743843e-05
20,2,16,-2.000668930831088e-05
20,2,17,-1.9698326944069216e-05
20,2,18,-1.8510018984005134e-05
20,2,19,-1.58821948027379e-05
20,2,20,-1.227421034955174e-05
20,2,21,-8.92260736344542e-06
20,2,22,-7.210931760840962e-06
20,2,23,-7.1646610352998365e-06
20,2,24,-7.577046311910021e-06
21,0,0,1.8037167588337024e-05
21,0,1,1.902044051496968e-05
21,0,2,1.7411617123136176e-05
21,0,3,1.3882448754384347e-05
21,0,4,9.817176179098726e-06
21,0,5,6.483608109399423e-06
21,0,6,4.195149512027755e-06
21,0,7,2.591107697710602e-06
21,0,8,1.1470908419086628e-06
21,0,9,-2.399099038763632e-07
21,0,10,-1.503954467480789e-06
21,0,11,-2.5747417041062067e-06
21,0,12,-3.5060930326324773e-06
21,0,13,-4.017263623444566e-06
21,0,14,-3.5665231356996757e-06
21,0,15,-1.6907193891718144e-06
21,0,16,1.1885768067019327e-06
21,0,17,3.840178090210863e-06
21,0,18,4.890094060210049e-06
21,0,19,3.979419548339873e-06
21,0,20,1.9289084153599424e-06
21,0,21,1.555302470007587e-07
21,0,22,-5.068610865277259e-07
21,0,23,-1.659860369905029e-07
21,0,24,3.894213535934608e-07
21,1,0,1.4170508286196859e-05
21,1,1,1.5738935560754468e-05
21,1,2,1.433039600195953e-05
21,1,3,1.0884581004877848e-05
21,1,4,7.085954090231344e-06
21,1,5,4.26037156085106e-06
21,1,6,2.202030224069006e-06
21,1,7,3.466792060680673e-08
21,1,8,-3.0030249483402804e-06
21,1,9,-6.537322139690772e-06
21,1,10,-9.811241180384398e-06
21,1,11,-1.208481498724505e-05
21,1,12,-1.3326373499093552e-05
21,1,13,-1.34966512824841e-05
21,1,14,-1.2568402058532862e-05
21,1,15,-1.0301422452156205e-05
21,1,16,-7.180494246899994e-06
21,1,17,-4.173395126032942e-06
21,1,18,-2.5448680768887406e-06
21,1,19,-2.5906809627901714e-06
21,1,20,-3.7257323684047135e-06
21,1,21,-4.650330880568636e-06
21,1,22,-4.6439589605930655e-06
21,1,23,-3.6050173176268826e-06
21,1,24,-2.1880785751359134e-06
21,2,0,2.170644907495303e-05
21,2,1,2.067404451620272e-05
21,2,2,1.8341646046346363e-05
21,2,3,1.5012073205032542e-05
21,2,4,1.1901917782780418e-05
21,2,5,9.980935431965594e-06
21,2,6,9.453687521171754e-06
21,2,7,9.162283231594162e-06
21,2,8,7.86683024570279e-06
21,2,9,4.920302017684869e-06
21,2,10,1.1326731678834375e-06
21,2,11,-2.288365101314933e-06
21,2,12,-4.180094100308143e-06
21,2,13,-4.386627981030426e-06
21,2,14,-3.058118500215835e-06
21,2,15,-7.47256455945762e-07
21,2,16,2.283913306582358e-06
21,2,17,5.389425940211689e-06
21,2,18,8.02685620466219e-06
21,2,19,9.433088557263291e-06
21,2,20,9.625259697441154e-06
21,2,21,9.020183777271712e-06
21,2,22,8.821521755209515e-06
21,2,23,9.763580746918255e-06
21,2,24,1.214847597933897e-05
22,0,0,9.388673928537202e-07
22,0,1,8.429108800648934e-07
22,0,2,1.0966458994220794e-06
22,0,3,1.779100811426167e-06
22,0,4,3.0623560179934796e-06
22,0,5,4.00835494080901e-06
22,0,6,4.170737582474761e-06
22,0,7,3.1210107873763627e-06
22,0,8,1.7796088551741478e-06
22,0,9,7.812978881709427e-07
22,0,10,9.597338391579606e-07
22,0,11,1.8688999540427689e-06
22,0,12,3.3220938843707567e-06
22,0,13,4.652274652674229e-06
22,0,14,6.16695770171594e-06
22,0,15,7.613133607022591e-06
22,0,16,9.1972565775794e-06
22,0,17,1.0257426190999166e-05
22,0,18,1.0901202930295136e-05
22,0,19,1.0778088632458277e-05
22,0,20,1.0363196788412655e-05
22,0,21,9.250503491384959e-06
22,0,22,7.625240800673003e-06
22,0,23,5.087929169677073e-06
22,0,24,2.5239335094303224e-06
22,1,0,7.272894544402427e-06
22,1,1,7.440317241982626e-06
22,1,2,7.994507296627494e-06
22,1,3,8.907811703416505e-06
22,1,4,1.0103036188891695e-05
22,1,5,1.0840998745715225e-05
22,1,6,1.0990527680468224e-05
22,1,7,1.0482847730373555e-05
22,1,8,9.936952267532455e-06
22,1,9,9.377701784291515e-06
22,1,10,8.88719600480528e-06
22,1,11,8.00480641478384e-06
22,1,12,7.051858952343223e-06
22,1,13,6.348855917185259e-06
22,1,14,6.754120213972332e-06
22,1,15,8.185513555973968e-06
22,1,16,1.0389067911286917e-05
22,1,17,1.2295092348215612e-05
22,1,18,1.3552462243791104e-05
22,1,19,1.3791753941372093e-05
22,1,20,1.349900723759468e-05
22,1,21,1.2614726626161135e-05
22,1,22,1.1485766470453013e-05
22,1,23,9.963279592955924e-06
22,1,24,8.766480590229563e-06
22,2,0,1.4234639123260717e-06
22,2,1,-1.8069547692040455e-07
22,2,2,-1.1925070971647401e-06
22,2,3,-9.622518662268106e-07
22,2,4,3.4985503655846045e-07
22,2,5,1.657440795639113e-06
22,2,6,1.5322734044318778e-06
22,2,7,-4.658787544330675e-07
22,2,8,-3.3859589670787963e-06
22,2,9,-5.465309086088039e-06
22,2,10,-5.70138735694084e-06
22,2,11,-4.495149254260945e-06
22,2,12,-3.234080989375054e-06
22,2,13,-2.8526767407477155e-06
22,2,14,-3.233519285438869e-06
22,2,15,-3.5027406351117877e-06
22,2,16,-3.2108070196098756e-06
22,2,17,-2.652279948465506e-06
22,2,18,-2.5264300724238908e-06
22,2,19,-2.9894663830231516e-06
22,2,20,-3.646640525172695e-06
22,2,21,-3.987307777904834e-06
22,2,22,-4.1175226828831825e-06
22,2,23,-4.4446559266555065e-06
22,2,24,-5.1241459768371046e-06
23,0,0,-1.1032567436593656e-05
23,0,1,-7.67342728588249e-06
23,0,2,-4.852725468942529e-06
23,0,3,-2.1083460838264197e-06
23,0,4,3.819451251345425e-07
23,0,5,2.2335323925237337e-06
23,0,6,2.2261551170898428e-06
23,0,7,3.5762992034452375e-07
23,0,8,-2.6404719785764357e-06
23,0,9,-4.9200415383983994e-06
23,0,10,-5.9053873853862255e-06
23,0,11,-5.829101515249929e-06
23,0,12,-6.1190571616449516e-06
23,0,13,-6.95758509572722e-06
23,0,14,-7.957569442057152e-06
23,0,15,-7.869835943837998e-06
23,0,16,-7.0219416693794215e-06
23,0,17,-6.2815758637201156e-06
23,0,18,-7.053791446714347e-06
23,0,19,-8.69730151179882e-06
23,0,20,-9.876912519597074e-06
23,0,21,-8.835337343733195e-06
23,0,22,-6.244329508542335e-06
23,0,23,-3.771293324269999e-06
23,0,24,-3.724778126549394e-06
23,1,0,-1.198826011788301e-05
23,1,1,-1.1633789281957434e-05
23,1,2,-1.0710875517804181e-05
23,1,3,-8.498352817002351e-06
23,1,4,-5.882376441492719e-06
23,1,5,-3.7730442834959437e-06
23,1,6,-3.368962329838794e-06
23,1,7,-4.298408085037515e-06
23,1,8,-5.924623926211131e-06
23,1,9,-6.903807764603684e-06
23,1,10,-7.248849686916539e-06
23,1,11,-7.17845843392921e-06
23,1,12,-7.782568834508862e-06
23,1,13,-8.887917779811362e-06
23,1,14,-1.0190266918432217e-05
23,1,15,-1.0500386426463891e-05
23,1,16,-1.000064381864881e-05
23,1,17,-9.095935955909056e-06
23,1,18,-9.201082276149946e-06
23,1,19,-1.0310157239402191e-05
23,1,20,-1.2141769729106047e-05
23,1,21,-1.3236282590572274e-05
23,1,22,-1.3483081621331445e-05
23,1,23,-1.2931498542338585e-05
23,1,24,-1.2856841395338494e-05
23,2,0,-6.3226690177458364e-06
23,2,1,-7.069631206676455e-06
23,2,2,-5.945609971070437e-06
23,2,3,-2.1197584235143236e-06
23,2,4,2.707407151645528e-06
23,2,5,6.30874501745209e-06
23,2,6,6.92384429698019e-06
23,2,7,5.321354990142098e-06
23,2,8,3.217814494492515e-06
23,2,9,2.527691177796161e-06
23,2,10,3.1178857635345044e-06
23,2,11,4.077745022013708e-06
23,2,12,4.011504702907125e-06
23,2,13,3.1392719860685533e-06
23,2,14,2.028532465588319e-06
23,2,15,1.6058975473343026e-06
23,2,16,1.2770446309542412e-06
23,2,17,3.6761630874300455e-07
23,2,18,-1.9489651385191286e-06
23,2,19,-4.796054489432714e-06
23,2,20,-7.190813737737963e-06
23,2,21,-7.933368151480228e-06
23,2,22,-7.5777120620416395e-06
23,2,23,-6.859714733208934e-06
23,2,24,-6.986143229788439e-06
24,0,0,4.509336280426364e-06
24,0,1,2.525456003583777e-06
24,0,2,9.370996989250136e-08
24,0,3,-2.268025889097167e-06
24,0,4,-3.9865823649198905e-06
24,0,5,-4.851217162906633e-06
24,0,6,-4.807504300302889e-06
24,0,7,-4.464895094454587e-06
24,0,8,-4.598507144093619e-06
24,0,9,-5.968493949501684e-06
24,0,10,-8.295696294150444e-06
24,0,11,-1.0457459003496302e-05
24,0,12,-1.0697599077747746e-05
24,0,13,-8.094941706647226e-06
24,0,14,-2.91396831720927e-06
24,0,15,3.118976793395009e-06
24,0,16,8.197460678554484e-06
24,0,17,1.1077748223667935e-05
24,0,18,1.1985800116576999e-05
24,0,19,1.1760064255828993e-05
24,0,20,1.1463679573190278e-05
24,0,21,1.1254255682060577e-05
24,0,22,1.0888352861361246e-05
24,0,23,9.76449024163358e-06
24,0,24,7.990530985732091e-06
24,1,0,3.607919697162429e-06
24,1,1,1.5781501368623244e-06
24,1,2,2.050051565300277e-07
24,1,3,-2.0254952079864897e-07
24,1,4,-2.7227923006741807e-07
24,1,5,-1.0755074232484852e-06
24,1,6,-2.797899329235208e-06
24,1,7,-4.818486994687273e-06
24,1,8,-6.123622097520113e-06
24,1,9,-6.546816536922998e-06
24,1,10,-6.598638090610698e-06
24,1,11,-7.087709778829808e-06
24,1,12,-7.927125379754234e-06
24,1,13,-8.356952582217044e-06
24,1,14,-7.312602356077764e-06
24,1,15,-4.674550361039866e-06
24,1,16,-1.12886393116724e-06
24,1,17,2.0372336015298377e-06
24,1,18,4.156234415946295e-06
24,1,19,5.1474828836365835e-06
24,1,20,5.642732587557957e-06
24,1,21,6.004149416523417e-06
24,1,22,6.4392626022716985e-06
24,1,23,6.644344201832549e-06
24,1,24,6.49942822427568e-06
24,2,0,1.0547476424844582e-05
24,2,1,8.406343966025395e-06
24,2,2,6.929582844836008e-06
24,2,3,6.177111300717834e-06
24,2,4,5.89669116071617e-06
24,2,5,5.432468687109181e-06
24,2,6,4.854782745988595e-06
24,2,7,4.2643751565879225e-06
24,2,8,4.041664275263089e-06
24,2,9,3.8340793824477766e-06
24,2,10,3.3865741493042424e-06
24,2,11,2.278718090869476e-06
24,2,12,9.992068192978007e-07
24,2,13,9.230700039766623e-08
24,2,14,4.381419850492586e-07
24,2,15,2.0055213397958697e-06
24,2,16,4.526776751087445e-06
24,2,17,7.024980109324381e-06
24,2,18,9.114183330281573e-06
24,2,19,1.0427233219925062e-05
24,2,20,1.1337097553902825e-05
24,2,21,1.175126907813391e-05
24,2,22,1.181755669096569e-05
24,2,23,1.1178767620688564e-05
24,2,24,1.018229465155556e-05
25,0,0,1.8005812576127236e-06
25,0,1,3.8595626967754236e-07
25,0,2,-1.4188405868901862e-06
25,0,3,-3.1899341158931564e-06
25,0,4,-4.749659708812418e-06
25,0,5,-6.169440258490893e-06
25,0,6,-7.562540234998466e-06
25,0,7,-9.053169331607136e-06
25,0,8,-1.0600397375744167e-05
25,0,9,-1.1907622861230711e-05
25,0,10,-1.2342781885512646e-05
25,0,11,-1.1335820623322509e-05
25,0,12,-8.850317813088263e-06
25,0,13,-5.715291348350849e-06
25,0,14,-3.1312462409026354e-06
25,0,15,-1.8641589399907203e-06
25,0,16,-1.6271748124014555e-06
25,0,17,-1.478719809008312e-06
25,0,18,-7.000043401320644e-07
25,0,19,4.7333924863341066e-07
25,0,20,1.1997032012513382e-06
25,0,21,8.633292183228929e-07
25,0,22,-2.629042722286827e-07
25,0,23,-1.408421779229304e-06
25,0,24,-2.098356557671171e-06
25,1,0,-7.314303474993309e-06
25,1,1,-7.633768950719667e-06
25,1,2,-7.35762743765678e-06
25,1,3,-7.011654192755432e-06
25,1,4,-7.4857803362165425e-06
25,1,5,-8.954102801639254e-06
25,1,6,-1.10423157647504e-05
25,1,7,-1.3029524610352135e-05
25,1,8,-1.4802738080587057e-05
25,1,9,-1.6480575386611002e-05
25,1,10,-1.8217023442473608e-05
25,1,11,-1.942305126997532e-05
25,1,12,-1.945851428791529e-05
25,1,13,-1.7979617673134318e-05
25,1,14,-1.5623371524246354e-05
25,1,15,-1.3100211994818774e-05
25,1,16,-1.0817116869682323e-05
25,1,17,-8.334799473739033e-06
25,1,18,-5.4730063217627814e-06
25,1,19,-2.640069981912262e-06
25,1,20,-1.080264717255938e-06
25,1,21,-1.3824803524135475e-06
25,1,22,-3.045044695581975e-06
25,1,23,-4.357875578898013e-06
25,1,24,-4.200280517413735e-06
25,2,0,-5.177031639341735e-06
25,2,1,-6.980970023847668e-06
25,2,2,-9.181893392848123e-06
25,2,3,-1.0560792155072719e-05
25,2,4,-1.1091688958664444e-05
25,2,5,-1.1413980416370261e-05
25,2,6,-1.2492737918983962e-05
25,2,7,-1.4489866077748922e-05
25,2,8,-1.722267068742097e-05
25,2,9,-2.008504118664251e-05
25,2,10,-2.2810047424827473e-05
25,2,11,-2.4889520507522227e-05
25,2,12,-2.5909563214101834e-05
25,2,13,-2.5164004557415905e-05
25,2,14,-2.2552813215502543e-05
25,2,15,-1.8354335316614584e-05
25,2,16,-1.363876383353045e-05
25,2,17,-9.294039184418157e-06
25,2,18,-6.151718208265947e-06
25,2,19,-4.270505150969216e-06
25,2,20,-3.57638897057364e-06
25,2,21,-3.4936329550325186e-06
25,2,22,-3.7109556258658777e-06
25,2,23,-3.7451744550352827e-06
25,2,24,-3.6298381560038865e-06
26,0,0,3.897545015076845e-07
26,0,1,-2.812570343013387e-07
26,0,2,8.662491511064453e-07
26,0,3,3.152640466990179e-06
26,0,4,4.832474659611092e-06
26,0,5,4.478037656888926e-06
26,0,6,1.907551296656784e-06
26,0,7,-1.527037079557863e-06
26,0,8,-4.1187494093552135e-06
26,0,9,-4.875904487459427e-06
26,0,10,-4.209274328754645e-06
26,0,11,-3.1685333414436623e-06
26,0,12,-2.6470883707314854e-06
26,0,13,-2.6482907227451456e-06
26,0,14,-2.7267946685931776e-06
26,0,15,-2.3734461491463127e-06
26,0,16,-1.5104307974496786e-06
26,0,17,-1.0084081773327483e-07
26,0,18,1.8919669228107392e-06
26,0,19,4.647664242063301e-06
26,0,20,7.882954495611852e-06
26,0,21,1.0884376550465843e-05
26,0,22,1.260065201354253e-05
26,0,23,1.2556555344168919e-05
26,0,24,1.1041666021725772e-05
26,1,0,-5.332656007676846e-06
26,1,1,-5.657942613379173e-06
26,1,2,-3.6455458573333294e-06
26,1,3,-4.847037488992884e-07
26,1,4,1.873561478256698e-06
26,1,5,2.0887302837052234e-06
26,1,6,1.053632915739146e-07
26,1,7,-2.9461167726087083e-06
26,1,8,-5.747945846609894e-06
26,1,9,-7.473996195089014e-06
26,1,10,-8.057189672407725e-06
26,1,11,-7.724220019148214e-06
26,1,12,-6.768955164172948e-06
26,1,13,-5.427540680943662e-06
26,1,14,-4.14168795746938e-06
26,1,15,-3.349266312283706e-06
26,1,16,-3.1942040116826663e-06
26,1,17,-3.0822837748020325e-06
26,1,18,-2.0488491223371452e-06
26,1,19,6.034014949237916e-07
26,1,20,4.451754714807565e-06
26,1,21,8.146376906979856e-06
26,1,22,1.0148501465912928e-05
26,1,23,9.956723227452086e-06
26,1,24,8.341708723192418e-06
26,2,0,1.0407052441686705e-07
26,2,1,8.755941183569428e-07
26,2,2,3.3237415249970403e-06
26,2,3,5.928675543268963e-06
26,2,4,6.882031550735704e-06
26,2,5,5.532652076587483e-06
26,2,6,2.4205059523024547e-06
26,2,7,-9.052549238110227e-07
26,2,8,-3.2438096724459473e-06
26,2,9,-4.053616854811896e-06
26,2,10,-3.782446276065092e-06
26,2,11,-2.955997705094947e-06
26,2,12,-2.12412781802569e-06
26,2,13,-1.4230228983386103e-06
26,2,14,-1.139068552822663e-06
26,2,15,-1.3068778766063468e-06
26,2,16,-1.8607004953862238e-06
26,2,17,-2.022186011464778e-06
26,2,18,-9.869206370874121e-07
26,2,19,1.855011242143977e-06
26,2,20,5.918576877747875e-06
26,2,21,1.0015655574622086e-05
26,2,22,1.2663378045069096e-05
26,2,23,1.3450380556942975e-05
26,2,24,1.280719462541408e-05
27,0,0,-7.1847506821677174e-06
27,0,1,-6.9147042388890555e-06
27,0,2,-6.61900495146781e-06
27,0,3,-6.670282991113631e-06
27,0,4,-7.702908738978708e-06
27,0,5,-8.71847236598428e-06
27,0,6,-8.769901745550731e-06
27,0,7,-6.491128539301506e-06
27,0,8,-2.3947195943356612e-06
27,0,9,2.583455936771626e-06
27,0,10,6.417075296792391e-06
27,0,11,8.509257294841218e-06
27,0,12,8.535375072682276e-06
27,0,13,7.637666681271666e-06
27,0,14,6.120729176729606e-06
27,0,15,4.688787227515685e-06
27,0,16,2.8383911253551555e-06
27,0,17,8.802820179176164e-07
27,0,18,-1.5990557823887953e-06
27,0,19,-3.918857750437896e-06
27,0,20,-6.194588151167528e-06
27,0,21,-7.575594758344362e-06
27,0,22,-8.257697604944147e-06
27,0,23,-7.689651216412352e-06
27,0,24,-6.661302276496622e-06
27,1,0,-3.5411984372503815e-06
27,1,1,-2.8989116321970573e-06
27,1,2,-1.8700939387050481e-06
27,1,3,-1.0574392193348866e-06
27,1,4,-1.5197708534287133e-06
27,1,5,-3.1194060749006425e-06
27,1,6,-4.9200946528897744e-06
27,1,7,-5.167714775477941e-06
27,1,8,-3.272550069248118e-06
27,1,9,3.0521819553604913e-07
27,1,10,3.7966849615303413e-06
27,1,11,6.150651552863813e-06
27,1,12,7.017400744164745e-06
27,1,13,7.3291915396853004e-06
27,1,14,7.554447187223614e-06
27,1,15,7.938354365307528e-06
27,1,16,7.787383335733909e-06
27,1,17,6.971873621502869e-06
27,1,18,5.369814687564069e-06
27,1,19,3.6681424354345334e-06
27,1,20,2.0076615627599736e-06
27,1,21,7.814703283689684e-07
27,1,22,-2.623947505517895e-07
27,1,23,-8.397954059175461e-07
27,1,24,-1.235701547780749e-06
27,2,0,-4.8886090372388656e-06
27,2,1,-4.466356834361058e-06
27,2,2,-4.364295520194552e-06
27,2,3,-4.591704487420871e-06
27,2,4,-5.462858907324952e-06
27,2,5,-6.466574364775036e-06
27,2,6,-7.334051879444e-06
27,2,7,-7.246941930801672e-06
27,2,8,-6.242161273140999e-06
27,2,9,-4.2955035227146515e-06
27,2,10,-2.252522460280786e-06
27,2,11,-3.153068338779004e-07
27,2,12,1.0541388449119136e-06
27,2,13,2.2198001137159777e-06
27,2,14,2.9543835338741875e-06
27,2,15,3.5580106289621156e-06
27,2,16,3.73633125601923e-06
27,2,17,3.9453040377701294e-06
27,2,18,3.967099532926075e-06
27,2,19,4.004406642350839e-06
27,2,20,3.330525991775482e-06
27,2,21,2.018609150648346e-06
27,2,22,-7.044411736765724e-08
27,2,23,-1.8940382060754214e-06
27,2,24,-3.2509000932466245e-06
28,0,0,1.273134713173057e-05
28,0,1,1.1358844663939916e-05
28,0,2,8.34076648666734e-06
28,0,3,3.9213301208720366e-06
28,0,4,-5.28048038769647e-07
28,0,5,-3.7401889688037546e-06
28,0,6,-5.133449380179112e-06
28,0,7,-5.690010669445777e-06
28,0,8,-6.612497334880713e-06
28,0,9,-8.5103043051575e-06
28,0,10,-1.028112835087632e-05
28,0,11,-1.044364268737685e-05
28,0,12,-8.058256327809858e-06
28,0,13,-4.061945643616961e-06
28,0,14,-3.8271728046351184e-08
28,0,15,2.6365807963863873e-06
28,0,16,4.214683639523515e-06
28,0,17,5.467321615994111e-06
28,0,18,7.103456406533067e-06
28,0,19,8.53421455742552e-06
28,0,20,9.096555867507022e-06
28,0,21,8.425596877755176e-06
28,0,22,7.416081754404405e-06
28,0,23,6.720103656427615e-06
28,0,24,6.424503322031397e-06
28,1,0,4.119220527617752e-06
28,1,1,3.1536834755297144e-06
28,1,2,3.4232255585139926e-07
28,1,3,-3.3869073881679377e-06
28,1,4,-6.674345885905933e-06
28,1,5,-8.491557800085212e-06
28,1,6,-9.04408675358201e-06
28,1,7,-9.307577558952606e-06
28,1,8,-1.0239207920457538e-05
28,1,9,-1.1696926405095327e-05
28,1,10,-1.2730565693871163e-05
28,1,11,-1.2293497458282818e-05
28,1,12,-1.0401212939917487e-05
28,1,13,-7.948202374085073e-06
28,1,14,-6.095777007315709e-06
28,1,15,-5.11781298323535e-06
28,1,16,-4.4915563863375235e-06
28,1,17,-3.378801971264957e-06
28,1,18,-1.7354787163950121e-06
28,1,19,-1.7730061736519317e-07
28,1,20,4.5815714429995436e-07
28,1,21,1.4669938300678282e-07
28,1,22,-5.142013000519673e-07
28,1,23,-7.660978667915945e-07
28,1,24,-6.959876021965653e-07
28,2,0,4.7119189523073864e-06
28,2,1,3.779193559165202e-06
28,2,2,6.143824612682166e-07
28,2,3,-3.4445718997047744e-06
28,2,4,-6.804413088942513e-06
28,2,5,-8.2949446877177e-06
28,2,6,-8.201588329370517e-06
28,2,7,-7.5036624575113855e-06
28,2,8,-7.374073284897181e-06
28,2,9,-7.979323828051965e-06
28,2,10,-8.930186001009283e-06
28,2,11,-9.438669216836528e-06
28,2,12,-9.376063238612385e-06
28,2,13,-8.860078510373136e-06
28,2,14,-8.344937065633937e-06
28,2,15,-7.768048205681862e-06
28,2,16,-7.107913658233934e-06
28,2,17,-6.217487045312106e-06
28,2,18,-5.491339552436426e-06
28,2,19,-5.06374279481348e-06
28,2,20,-4.931864242101858e-06
28,2,21,-4.41147137487637e-06
28,2,22,-3.22266864968715e-06
28,2,23,-1.5163030410286489e-06
28,2,24,-4.0741557011196765e-07
29,0,0,-8.662970632880487e-06
29,0,1,-7.624983959365395e-06
29,0,2,-6.580962606515177e-06
29,0,3,-6.2004925908594206e-06
29,0,4,-6.891550686224186e-06
29,0,5,-8.653236856639187e-06
29,0,6,-1.069677616692932e-05
29,0,7,-1.2146004336500602e-05
29,0,8,-1.2505061936174508e-05
29,0,9,-1.2357846028381524e-05
29,0,10,-1.2740385326413589e-05
29,0,11,-1.4541603957922812e-05
29,0,12,-1.746199148883285e-05
29,0,13,-2.0389324648984884e-05
29,0,14,-2.194392178310337e-05
29,0,15,-2.1694111961038584e-05
29,0,16,-2.0121103743498824e-05
29,0,17,-1.8442335114886386e-05
29,0,18,-1.749574902228264e-05
29,0,19,-1.757911840105978e-05
29,0,20,-1.8190675744368516e-05
29,0,21,-1.8798854132910875e-05
29,0,22,-1.894834013951331e-05
29,0,23,-1.873515603343257e-05
29,0,24,-1.832832231256473e-05
29,1,0,7.712428783961906e-07
29,1,1,1.2787313798532838e-06
29,1,2,1.4426334233904578e-06
29,1,3,8.647858650589582e-07
29,1,4,-4.413381313778553e-07
29,1,5,-2.4025756277876994e-06
29,1,6,-4.437800519289269e-06
29,1,7,-5.99878776327763e-06
29,1,8,-6.531497007938056e-06
29,1,9,-6.302932982423274e-06
29,1,10,-5.979526484196468e-06
29,1,11,-6.561416473689174e-06
29,1,12,-8.22388695700298e-06
29,1,13,-1.0472334699060165e-05
29,1,14,-1.2098822661052607e-05
29,1,15,-1.244821924406244e-05
29,1,16,-1.1502995210744367e-05
29,1,17,-1.0247736798099974e-05
29,1,18,-9.52608330051166e-06
29,1,19,-9.85579841788185e-06
29,1,20,-1.0692083901794013e-05
29,1,21,-1.1302831431008224e-05
29,1,22,-1.0933009051883726e-05
29,1,23,-9.797454695691609e-06
29,1,24,-8.488669244869338e-06
29,2,0,-1.1820741013862987e-06
29,2,1,-9.78022686489497e-07
29,2,2,-2.268643617907816e-06
29,2,3,-4.781042733459438e-06
29,2,4,-7.554839361344863e-06
29,2,5,-9.86719984363317e-06
29,2,6,-1.1363312829577366e-05
29,2,7,-1.2091311689895563e-05
29,2,8,-1.2048954702013426e-05
29,2,9,-1.1452032947663706e-05
29,2,10,-1.072356406047663e-05
29,2,11,-1.0666058528616032e-05
29,2,12,-1.1751435697565757e-05
29,2,13,-1.3836763015844119e-05
29,2,14,-1.595601084902526e-05
29,2,15,-1.7156558425170305e-05
29,2,16,-1.6996903540054758e-05
29,2,17,-1.6017662949191968e-05
29,2,18,-1.506020512055911e-05
29,2,19,-1.4793036318559737e-05
29,2,20,-1.5077248323928536e-05
29,2,21,-1.5404951638988426e-05
29,2,22,-1.5223803574760308e-05
29,2,23,-1.458301143332215e-05
29,2,24,-1.3816273918897267e-05
30,0,0,9.137755978111265e-06
30,0,1,9.992929848271306e-06
30,0,2,9.843201552276707e-06
30,0,3,8.636358089914292e-06
30,0,4,6.8902046340455045e-06
30,0,5,5.470621990417084e-06
30,0,6,4.833787606182136e-06
30,0,7,4.676215463964684e-06
30,0,8,4.08419952410943e-06
30,0,9,2.460026771864321e-06
30,0,10,9.233194329023403e-08
30,0,11,-1.825794815807805e-06
30,0,12,-2.107614486277412e-06
30,0,13,-3.4421776093919444e-07
30,0,14,2.79550190116561e-06
30,0,15,6.220528395640154e-06
30,0,16,9.075153637865983e-06
30,0,17,1.1155389240930067e-05
30,0,18,1.2515783787474537e-05
30,0,19,1.3158990091685055e-05
30,0,20,1.2880772020288137e-05
30,0,21,1.1725103278971882e-05
30,0,22,1.011535365772029e-05
30,0,23,8.775464942825434e-06
30,0,24,8.092740729436138e-06
30,1,0,8.920432579682133e-06
30,1,1,9.930446833732675e-06
30,1,2,1.0533548058976202e-05
30,1,3,1.0607477610204033e-05
30,1,4,9.831271891994726e-06
30,1,5,8.375226877633136e-06
30,1,6,6.562168080121919e-06
30,1,7,4.92183142399816e-06
30,1,8,3.488097770195048e-06
30,1,9,2.2011463771046526e-06
30,1,10,8.109104904051103e-07
30,1,11,-4.207759110558913e-07
30,1,12,-1.1111499754452606e-06
30,1,13,-6.241874509457257e-07
30,1,14,1.15496106347826e-06
30,1,15,4.031855192859361e-06
30,1,16,7.1374533189919325e-06
30,1,17,9.657509652450822e-06
30,1,18,1.0777508011032013e-05
30,1,19,1.0484205424084593e-05
30,1,20,9.173084390833367e-06
30,1,21,7.83813677882793e-06
30,1,22,7.0712173654599825e-06
30,1,23,7.136945457142895e-06
30,1,24,7.480522001570417e-06
30,2,0,1.1797672953701359e-05
30,2,1,1.1970777446667139e-05
30,2,2,1.1389482994314027e-05
30,2,3,1.0231720232365207e-05
30,2,4,8.5379580376738e-06
30,2,5,6.71794196938823e-06
30,2,6,5.319072158406631e-06
30,2,7,4.8397604398766215e-06
30,2,8,4.996487115806707e-06
30,2,9,4.99852583916058e-06
30,2,10,3.965662167477974e-06
30,2,11,2.0181187510978426e-06
30,2,12,2.1970427369491041e-07
30,2,13,1.1297359092255582e-07
30,2,14,2.303318467727485e-06
30,2,15,6.114164807672273e-06
30,2,16,9.811265191044883e-06
30,2,17,1.2075164884517561e-05
30,2,18,1.2594460173520595e-05
30,2,19,1.2237308147174239e-05
30,2,20,1.1870612974678916e-05
30,2,21,1.1877273386378187e-05
30,2,22,1.1827542942939963e-05
30,2,23,1.1377754878060962e-05
30,2,24,1.0493437159243032e-05
31,0,0,1.0915092005991814e-05
31,0,1,9.544658092981695e-06
31,0,2,7.951667912748349e-06
31,0,3,6.541271529542602e-06
31,0,4,5.805173073087603e-06
31,0,5,5.270399639221274e-06
31,0,6,4.5800062025944685e-06
31,0,7,3.3361353913817233e-06
31,0,8,2.2097092698494418e-06
31,0,9,1.7615813966237958e-06
31,0,10,2.535238710640761e-06
31,0,11,3.8384973439769415e-06
31,0,12,5.005516215542572e-06
31,0,13,5.30745463671095e-06
31,0,14,5.242503981110698e-06
31,0,15,5.253691493704973e-06
31,0,16,5.881234479928157e-06
31,0,17,6.485653381115247e-06
31,0,18,6.631283857720476e-06
31,0,19,5.840742683808209e-06
31,0,20,4.8524642620602874e-06
31,0,21,4.142549430863736e-06
31,0,22,4.250073170290487e-06
31,0,23,4.568236613382385e-06
31,0,24,4.911399155815491e-06
31,1,0,1.4771307398416954e-05
31,1,1,1.1822830305123033e-05
31,1,2,9.174300930964586e-06
31,1,3,7.179641504654905e-06
31,1,4,6.094160289509746e-06
31,1,5,5.107430191565195e-06
31,1,6,4.177197905336661e-06
31,1,7,3.2127427881619743e-06
31,1,8,3.1966494610732334e-06
31,1,9,4.290427087011591e-06
31,1,10,6.617830611891382e-06
31,1,11,8.963683055172606e-06
31,1,12,1.0780163008004991e-05
31,1,13,1.1492125657502569e-05
31,1,14,1.202783332434048e-05
31,1,15,1.2773108218675226e-05
31,1,16,1.4223506362248304e-05
31,1,17,1.5252983075611038e-05
31,1,18,1.5221751754682534e-05
31,1,19,1.3378524653666086e-05
31,1,20,1.0845985687138297e-05
31,1,21,8.508325244656952e-06
31,1,22,7.617147752898151e-06
31,1,23,7.569015837371584e-06
31,1,24,7.96551915346487e-06
31,2,0,1.3624856567939466e-05
31,2,1,8.72294053162173e-06
31,2,2,4.0362691526117786e-06
31,2,3,8.95919324356093e-07
31,2,4,1.6151341838166064e-09
31,2,5,-1.7209893855549032e-08
31,2,6,-5.267379571069565e-07
31,2,7,-2.60342589413497e-06
31,2,8,-5.120117279046099e-06
31,2,9,-6.578319978670327e-06
31,2,10,-5.369367579962015e-06
31,2,11,-2.0957981490369606e-06
31,2,12,1.9560764776982583e-06
31,2,13,4.786851130509392e-06
31,2,14,6.138916888248798e-06
31,2,15,6.2521773565419356e-06
31,2,16,6.333799050274103e-06
31,2,17,6.267221854324963e-06
31,2,18,5.903902362415042e-06
31,2,19,4.2929842223532e-06
31,2,20,1.8311719304637522e-06
31,2,21,-1.1427420019778626e-06
31,2,22,-3.3698518156703825e-06
31,2,23,-4.75878776157331e-06
31,2,24,-4.9152768774837524e-06
32,0,0,-5.5871770123670165e-06
32,0,1,-3.918061033067271e-06
32,0,2,-2.859882303579353e-06
32,0,3,-2.3160299296667597e-06
32,0,4,-1.8811282923892627e-06
32,0,5,-1.3730146042648548e-06
32,0,6,-9.95257702294386e-07
32,0,7,-1.4775162746515219e-06
32,0,8,-3.237370086063557e-06
32,0,9,-5.97438019929927e-06
32,0,10,-8.496268982710598e-06
32,0,11,-9.785847360336739e-06
32,0,12,-9.65954983099624e-06
32,0,13,-9.028360498560374e-06
32,0,14,-8.68830479007482e-06
32,0,15,-8.544475113005936e-06
32,0,16,-7.317819945360643e-06
32,0,17,-3.941683885005248e-06
32,0,18,1.436225851222047e-06
32,0,19,7.0113165883171034e-06
32,0,20,1.0799428288862901e-05
32,0,21,1.1770329176984042e-05
32,0,22,1.058148716162312e-05
32,0,23,8.37597193570393e-06
32,0,24,5.948172927178224e-06
32,1,0,-6.820113878112119e-06
32,1,1,-5.978306306086387e-06
32,1,2,-4.159220832793538e-06
32,1,3,-2.363671627541767e-06
32,1,4,-1.3582864287438174e-06
32,1,5,-1.148342033788536e-06
32,1,6,-1.1505426472017375e-06
32,1,7,-1.2434541716836546e-06
32,1,8,-1.9430546961621145e-06
32,1,9,-3.919466384301392e-06
32,1,10,-6.8810973177641215e-06
32,1,11,-9.626429671442949e-06
32,1,12,-1.0798651944173899e-05
32,1,13,-1.0135097696596347e-05
32,1,14,-8.341829504090613e-06
32,1,15,-6.325372763635556e-06
32,1,16,-4.0469597172936e-06
32,1,17,-8.627644221046758e-07
32,1,18,3.5759742409834517e-06
32,1,19,8.269131044909446e-06
32,1,20,1.1487797190253392e-05
32,1,21,1.188373152645277e-05
32,1,22,9.726280549653328e-06
32,1,23,6.389567811026316e-06
32,1,24,3.392329795660708e-06
32,2,0,-8.928117446228747e-06
32,2,1,-8.280266898203891e-06
32,2,2,-6.975574173600585e-06
32,2,3,-5.736350516585267e-06
32,2,4,-4.62927243992999e-06
32,2,5,-3.1649422925096712e-06
32,2,6,-1.0136448660046492e-06
32,2,7,1.185878153982619e-06
32,2,8,2.095612066418205e-06
32,2,9,6.610025237294987e-07
32,2,10,-2.785928014095265e-06
32,2,11,-6.637921713950807e-06
32,2,12,-9.026067844281982e-06
32,2,13,-9.138655286485779e-06
32,2,14,-7.429117360260222e-06
32,2,15,-4.973187316391613e-06
32,2,16,-2.3450060674991426e-06
32,2,17,5.982864966448013e-07
32,2,18,4.254978984784952e-06
32,2,19,8.38492063610696e-06
32,2,20,1.2066999804761255e-05
32,2,21,1.4144681546664705e-05
32,2,22,1.4108811075092269e-05
32,2,23,1.2213841728327297e-05
32,2,24,9.288794674091705e-06
33,0,0,-9.115420243094416e-06
33,0,1,-9.628498953819257e-06
33,0,2,-1.0684930907756921e-05
33,0,3,-1.1645999066611735e-05
33,0,4,-1.2163544487782483e-05
33,0,5,-1.2352451633325986e-05
33,0,6,-1.2861736659694261e-05
33,0,7,-1.4000084983651858e-05
33,0,8,-1.5433783349060016e-05
33,0,9,-1.6078203283018664e-05
33,0,10,-1.5134611974613544e-05
33,0,11,-1.2620209787900889e-05
33,0,12,-9.641951472052579e-06
33,0,13,-7.3146825523906565e-06
33,0,14,-6.0964995099175635e-06
33,0,15,-5.350616709315093e-06
33,0,16,-4.383952247577938e-06
33,0,17,-3.1168372980266772e-06
33,0,18,-2.571472434402498e-06
33,0,19,-3.7650938444924547e-06
33,0,20,-6.923340800705786e-06
33,0,21,-1.0835706214067803e-05
33,0,22,-1.3909464385408374e-05
33,0,23,-1.4995270108267961e-05
33,0,24,-1.4282674450448517e-05
33,1,0,-8.903823750988746e-06
33,1,1,-9.748681040693907e-06
33,1,2,-1.041872835294311e-05
33,1,3,-1.021472213993366e-05
33,1,4,-9.248261041214852e-06
33,1,5,-8.429952266047927e-06
33,1,6,-8.947940065448209e-06
33,1,7,-1.114280110647419e-05
33,1,8,-1.423643573912137e-05
33,1,9,-1.6658373599903633e-05
33,1,10,-1.7225290032201108e-05
33,1,11,-1.5755181319157497e-05
33,1,12,-1.3212685204486325e-05
33,1,13,-1.07881680166914e-05
33,1,14,-9.210391136460245e-06
33,1,15,-8.219837158934579e-06
33,1,16,-7.143114014100118e-06
33,1,17,-5.475351362936777e-06
33,1,18,-3.5699311942969433e-06
33,1,19,-2.2643913663157833e-06
33,1,20,-2.3636556204347772e-06
33,1,21,-3.786330546095304e-06
33,1,22,-5.72072030420557e-06
33,1,23,-7.004189787727813e-06
33,1,24,-7.063979970313309e-06
33,2,0,-1.5144121651356987e-05
33,2,1,-1.5495998608354455e-05
33,2,2,-1.5019045027722341e-05
33,2,3,-1.335246217310372e-05
33,2,4,-1.1247591632382445e-05
33,2,5,-9.817280952889931e-06
33,2,6,-1.0375087886118706e-05
33,2,7,-1.3058661910648073e-05
33,2,8,-1.714555135632755e-05
33,2,9,-2.0871662438331725e-05
33,2,10,-2.2924124255577086e-05
33,2,11,-2.2615032840371616e-05
33,2,12,-2.0751532010756905e-05
33,2,13,-1.8504560560521637e-05
33,2,14,-1.7127616120541332e-05
33,2,15,-1.655088587646761e-05
33,2,16,-1.6108413059482914e-05
33,2,17,-1.4709231837510789e-05
33,2,18,-1.249852812613961e-05
33,2,19,-1.0332600658593334e-05
33,2,20,-9.665645628376238e-06
33,2,21,-1.0651083880027141e-05
33,2,22,-1.246981865215776e-05
33,2,23,-1.3348851842881764e-05
33,2,24,-1.2625589631040982e-05
34,0,0,-7.433609536558158e-06
34,0,1,-6.592775851473596e-06
34,0,2,-6.951965873578053e-06
34,0,3,-8.456422927838531e-06
34,0,4,-1.0646868917718437e-05
34,0,5,-1.3083323041753066e-05
34,0,6,-1.528919697238798e-05
34,0,7,-1.694231785002824e-05
34,0,8,-1.771057021885097e-05
34,0,9,-1.7567903239826157e-05
34,0,10,-1.6682302769661732e-05
34,0,11,-1.5452353048359645e-05
34,0,12,-1.397179751521792e-05
34,0,13,-1.2062031780828261e-05
34,0,14,-9.272734452610602e-06
34,0,15,-5.580396547365322e-06
34,0,16,-1.463155534995476e-06
34,0,17,2.074882499068621e-06
34,0,18,4.33169522782054e-06
34,0,19,5.122492879242529e-06
34,0,20,4.975271878279139e-06
34,0,21,4.405055071558692e-06
34,0,22,3.7474543763876605e-06
34,0,23,2.8415208785695335e-06
34,0,24,1.6059884968058351e-06
34,1,0,1.5366835443064909e-06
34,1,1,2.5976933489442737e-06
34,1,2,2.0633388283438243e-06
34,1,3,-5.9091309793213445e-08
34,1,4,-3.0480820441332757e-06
34,1,5,-5.866956504291205e-06
34,1,6,-7.489841048221528e-06
34,1,7,-7.531972481414264e-06
34,1,8,-6.369910356047157e-06
34,1,9,-5.102891085339949e-06
34,1,10,-4.760048685046637e-06
34,1,11,-5.6898957093137596e-06
34,1,12,-7.087099325976882e-06
34,1,13,-7.562706126834542e-06
34,1,14,-5.94699349443139e-06
34,1,15,-2.2900731323903143e-06
34,1,16,2.2558272002783927e-06
34,1,17,6.1248080786288975e-06
34,1,18,8.624227613199167e-06
34,1,19,1.021066943148217e-05
34,1,20,1.2055405566130286e-05
34,1,21,1.4643928661758876e-05
34,1,22,1.7257352267501533e-05
34,1,23,1.8252531571351458e-05
34,1,24,1.661692246875796e-05
34,2,0,4.54460321130571e-06
34,2,1,4.88654703082028e-06
34,2,2,4.462554418855225e-06
34,2,3,3.206524027096465e-06
34,2,4,1.075940160834037e-06
34,2,5,-1.4862205028750726e-06
34,2,6,-3.7988757524006172e-06
34,2,7,-4.955986952335378e-06
34,2,8,-4.797439831783097e-06
34,2,9,-4.0085219240387434e-06
34,2,10,-4.050282647185513e-06
34,2,11,-5.673792923479979e-06
34,2,12,-8.317014850277673e-06
34,2,13,-9.998332974476111e-06
34,2,14,-9.10035682782131e-06
34,2,15,-5.454655992588489e-06
34,2,16,-8.304898197882221e-07
34,2,17,2.8056505888960406e-06
34,2,18,4.579435767509016e-06
34,2,19,5.522409710901374e-06
34,2,20,7.0391755028411805e-06
34,2,21,9.688475400922451e-06
34,2,22,1.2241002878505777e-05
34,2,23,1.308259981155544e-05
34,2,24,1.135578803410065e-05
35,0,0,2.745871684045015e-06
35,0,1,1.585596715793523e-06
35,0,2,1.4526204029605036e-06
35,0,3,1.2058377431062084e-06
35,0,4,-4.690187849377286e-07
35,0,5,-4.65051096052227e-06
35,0,6,-1.0244096636451356e-05
35,0,7,-1.5276135173084363e-05
35,0,8,-1.727233491964392e-05
35,0,9,-1.5789980769753166e-05
35,0,10,-1.184872543865778e-05
35,0,11,-8.1373685437235e-06
35,0,12,-6.321090862515804e-06
35,0,13,-6.966055038112103e-06
35,0,14,-8.45269836508033e-06
35,0,15,-9.280096266634332e-06
35,0,16,-8.221013681298324e-06
35,0,17,-6.112401115520314e-06
35,0,18,-4.082455840841208e-06
35,0,19,-3.640329723241995e-06
35,0,20,-4.5254539819734754e-06
35,0,21,-6.034882698145808e-06
35,0,22,-6.540027340772036e-06
35,0,23,-5.849234817864146e-06
35,0,24,-4.219361352743377e-06
35,1,0,6.050355386040811e-06
35,1,1,7.0083909257168445e-06
35,1,2,7.305604339940164e-06
35,1,3,5.77729960664808e-06
35,1,4,2.176460871541289e-06
35,1,5,-3.1572050390674545e-06
35,1,6,-8.462444510449758e-06
35,1,7,-1.2128255365232083e-05
35,1,8,-1.2746916226065398e-05
35,1,9,-1.0742977043276308e-05
35,1,10,-7.400627620201595e-06
35,1,11,-4.997674552107036e-06
35,1,12,-4.628770035049244e-06
35,1,13,-6.42161040124089e-06
35,1,14,-8.723245394250307e-06
35,1,15,-1.0209196050043343e-05
35,1,16,-9.95873648495393e-06
35,1,17,-8.902653049391179e-06
35,1,18,-8.00160062781126e-06
35,1,19,-8.223847666831278e-06
35,1,20,-8.778259638186686e-06
35,1,21,-8.709944215937616e-06
35,1,22,-6.7892747313048635e-06
35,1,23,-3.62248725591674e-06
35,1,24,-3.055358820401123e-07
35,2,0,-2.946496395702885e-06
35,2,1,-1.2906924177029434e-06
35,2,2,-3.18120878739221e-07
35,2,3,-1.0587083282606518e-06
35,2,4,-4.11303778254297e-06
35,2,5,-9.106798960788903e-06
35,2,6,-1.4473205589755705e-05
35,2,7,-1.8293946322708518e-05
35,2,8,-1.929754827521813e-05
35,2,9,-1.782922944777428e-05
35,2,10,-1.5571454655512488e-05
35,2,11,-1.460143997904196e-05
35,2,12,-1.5835905159706696e-05
35,2,13,-1.8540332079069045e-05
35,2,14,-2.076462436908296e-05
35,2,15,-2.097464052317128e-05
35,2,16,-1.899349764352288e-05
35,2,17,-1.6170062249266535e-05
35,2,18,-1.4014281832360202e-05
35,2,19,-1.3157996195860147e-05
35,2,20,-1.28287809367855e-05
35,2,21,-1.1885547605500332e-05
35,2,22,-9.728553558845869e-06
35,2,23,-7.081263280287581e-06
35,2,24,-5.200700329813365e-06
36,0,0,-5.943014273152898e-06
36,0,1,-7.546487289475086e-06
36,0,2,-8.731668770505766e-06
36,0,3,-9.300313242762359e-06
36,0,4,-9.653795276033433e-06
36,0,5,-9.731300232886152e-06
36,0,6,-9.583973730535784e-06
36,0,7,-8.949199533729991e-06
36,0,8,-8.260495210688488e-06
36,0,9,-7.88092886898188e-06
36,0,10,-8.407579423646693e-06
36,0,11,-9.5070239292573e-06
36,0,12,-1.0688878842417206e-05
36,0,13,-1.1053309736869254e-05
36,0,14,-1.0655719392692212e-05
36,0,15,-9.83871883472381e-06
36,0,16,-9.575125438349326e-06
36,0,17,-9.96694813083966e-06
36,0,18,-1.0817480667568453e-05
36,0,19,-1.1187575895107548e-05
36,0,20,-1.0958293732565546e-05
36,0,21,-1.0289772916246545e-05
36,0,22,-1.0209252074917807e-05
36,0,23,-1.1011320912447881e-05
36,0,24,-1.277848515143223e-05
36,1,0,-1.9514048762828834e-05
36,1,1,-2.0019691444761174e-05
36,1,2,-2.0049875027777623e-05
36,1,3,-1.934630883349193e-05
36,1,4,-1.8553194517131064e-05
36,1,5,-1.768538230840686e-05
36,1,6,-1.7332633691674224e-05
36,1,7,-1.714442503807209e-05
36,1,8,-1.736961156401204e-05
36,1,9,-1.7643894797472574e-05
36,1,10,-1.85968866432553e-05
36,1,11,-2.012736688790644e-05
36,1,12,-2.250082649757454e-05
36,1,13,-2.460565047216639e-05
36,1,14,-2.593930150850566e-05
36,1,15,-2.5764099356928452e-05
36,1,16,-2.514397821138021e-05
36,1,17,-2.4776891592359412e-05
36,1,18,-2.5642424971124896e-05
36,1,19,-2.6683218709129368e-05
36,1,20,-2.7046844882657297e-05
36,1,21,-2.5477446995339492e-05
36,1,22,-2.2906455319843515e-05
36,1,23,-2.0222002359621257e-05
36,1,24,-1.900356029305324e-05
36,2,0,-9.91263165124888e-06
36,2,1,-1.0864893718472027e-05
36,2,2,-1.167332610862629e-05
36,2,3,-1.1878734398688886e-05
36,2,4,-1.1992013784472102e-05
36,2,5,-1.2004851484277864e-05
36,2,6,-1.2420569149525001e-05
36,2,7,-1.286348725512232e-05
36,2,8,-1.357688617867434e-05
36,2,9,-1.4257246433399561e-05
36,2,10,-1.5418762861937473e-05
36,2,11,-1.674385446161187e-05
36,2,12,-1.827358673780913e-05
36,2,13,-1.9052585696188143e-05
36,2,14,-1.9058294412617298e-05
36,2,15,-1.8119041030206394e-05
36,2,16,-1.7410722180336295e-05
36,2,17,-1.7330375234397128e-05
36,2,18,-1.8434899086093885e-05
36,2,19,-1.970698678895066e-05
36,2,20,-2.067766503276549e-05
36,2,21,-2.0404982510003927e-05
36,2,22,-1.9414385604327698e-05
36,2,23,-1.7705676409686746e-05
36,2,24,-1.6123420449881557e-05
37,0,0,-8.865770492099529e-06
37,0,1,-8.697903233502479e-06
37,0,2,-8.130108593107886e-06
37,0,3,-7.814544485912388e-06
37,0,4,-7.981834761062036e-06
37,0,5,-8.256414853597652e-06
37,0,6,-7.912080881971207e-06
37,0,7,-6.768369449576279e-06
37,0,8,-5.412486360617709e-06
37,0,9,-4.959420840582561e-06
37,0,10,-6.074144857410636e-06
37,0,11,-8.557203673445859e-06
37,0,12,-1.1324700049539281e-05
37,0,13,-1.3262931513327082e-05
37,0,14,-1.3738979964818504e-05
37,0,15,-1.296715946632861e-05
37,0,16,-1.152201674701857e-05
37,0,17,-1.0033072034622682e-05
37,0,18,-8.724854836098547e-06
37,0,19,-7.65505039946251e-06
37,0,20,-6.719122857326608e-06
37,0,21,-5.980405419889358e-06
37,0,22,-5.404762567697279e-06
37,0,23,-4.952946329603102e-06
37,0,24,-4.346913620993138e-06
37,1,0,-1.1638631431821827e-05
37,1,1,-1.1240575426350538e-05
37,1,2,-1.1104223978628946e-05
37,1,3,-1.1373637413585741e-05
37,1,4,-1.1604645433299545e-05
37,1,5,-1.121870680781948e-05
37,1,6,-1.000876815304187e-05
37,1,7,-8.327567899358537e-06
37,1,8,-6.867521108249515e-06
37,1,9,-6.353270968331335e-06
37,1,10,-7.261180980064807e-06
37,1,11,-9.600225309704992e-06
37,1,12,-1.2708342008603242e-05
37,1,13,-1.5364047659863493e-05
37,1,14,-1.6359790122841148e-05
37,1,15,-1.5354802827981153e-05
37,1,16,-1.3236662395565394e-05
37,1,17,-1.1596366848602767e-05
37,1,18,-1.1548544888875182e-05
37,1,19,-1.294370614420557e-05
37,1,20,-1.4582874645316965e-05
37,1,21,-1.5288043005493176e-05
37,1,22,-1.4756250531505798e-05
37,1,23,-1.3543044244114966e-05
37,1,24,-1.228539640695447e-05
37,2,0,-6.086786470155774e-06
37,2,1,-6.732436404767428e-06
37,2,2,-7.779405248091074e-06
37,2,3,-8.497177022234379e-06
37,2,4,-8.33948519051239e-06
37,2,5,-6.988413328597892e-06
37,2,6,-4.548939682108382e-06
37,2,7,-1.4893338851845747e-06
37,2,8,1.0883009216110823e-06
37,2,9,1.896605163959956e-06
37,2,10,7.038211256543992e-08
37,2,11,-3.871606225795763e-06
37,2,12,-8.209665370038379e-06
37,2,13,-1.0931813612029902e-05
37,2,14,-1.1339366925116506e-05
37,2,15,-1.0368972443652858e-05
37,2,16,-9.87092076841251e-06
37,2,17,-1.0813104906594079e-05
37,2,18,-1.2650402102066605e-05
37,2,19,-1.376539023616001e-05
37,2,20,-1.3162711016464395e-05
37,2,21,-1.1145468472575297e-05
37,2,22,-9.073579120614812e-06
37,2,23,-7.865054912018475e-06
37,2,24,-7.426553312758777e-06
38,0,0,6.673995912339476e-06
38,0,1,7.23673085173377e-06
38,0,2,6.133690567816652e-06
38,0,3,4.083147420622742e-06
38,0,4,1.8478982658743596e-06
38,0,5,5.093587863896885e-07
38,0,6,3.7859597905746016e-07
38,0,7,1.3775825414725769e-06
38,0,8,2.5957393904978685e-06
38,0,9,3.523708853874673e-06
38,0,10,3.832361892627356e-06
38,0,11,3.9835948566789895e-06
38,0,12,4.003337440363502e-06
38,0,13,3.820178301420856e-06
38,0,14,2.7835398628717634e-06
38,0,15,1.0633347459785693e-06
38,0,16,-7.779278464527757e-07
38,0,17,-1.4647366915580693e-06
38,0,18,-6.775016673602178e-07
38,0,19,1.2760435501210825e-06
38,0,20,3.1066236723735724e-06
38,0,21,4.36151210256777e-06
38,0,22,5.162141391862427e-06
38,0,23,6.688961102183327e-06
38,0,24,9.29969915193057e-06
38,1,0,4.936797341437783e-06
38,1,1,5.698002217610398e-06
38,1,2,5.1396244854982854e-06
38,1,3,3.4868790472765117e-06
38,1,4,1.4041897184199515e-06
38,1,5,-3.7972211541397614e-08
38,1,6,-3.080104807363056e-07
38,1,7,4.681220686231535e-07
38,1,8,1.404755242233941e-06
38,1,9,1.887274475776489e-06
38,1,10,1.8345215995002959e-06
38,1,11,1.9558680215095057e-06
38,1,12,2.727809664695481e-06
38,1,13,4.081771173219511e-06
38,1,14,5.07342382036129e-06
38,1,15,4.940301078879103e-06
38,1,16,3.4615714473278656e-06
38,1,17,1.4262712496638667e-06
38,1,18,-3.1594359386546763e-07
38,1,19,-1.1531441658854544e-06
38,1,20,-1.311113848242975e-06
38,1,21,-1.0795124741768924e-06
38,1,22,-7.039191691847113e-07
38,1,23,1.9649878888179602e-07
38,1,24,1.8922084846071296e-06
38,2,0,-3.580599567307711e-06
38,2,1,-2.8941560662295636e-06
38,2,2,-2.5509575078057307e-06
38,2,3,-2.724009795774851e-06
38,2,4,-3.819476535298511e-06
38,2,5,-5.414610576474823e-06
38,2,6,-6.6637448155041e-06
38,2,7,-6.5283799876496925e-06
38,2,8,-5.089183180990563e-06
38,2,9,-3.20926015099805e-06
38,2,10,-2.2442040397154764e-06
38,2,11,-2.5525141989604817e-06
38,2,12,-3.692152004525467e-06
38,2,13,-4.5571749748567105e-06
38,2,14,-4.811420220749194e-06
38,2,15,-4.67905490646593e-06
38,2,16,-5.019174643379443e-06
38,2,17,-6.0646868399670236e-06
38,2,18,-7.733969802496503e-06
38,2,19,-9.364645078158303e-06
38,2,20,-1.0724006438706164e-05
38,2,21,-1.1459533732479938e-05
38,2,22,-1.1451614580094656e-05
38,2,23,-1.005211467117428e-05
38,2,24,-7.051396929027838e-06
39,0,0,8.932681654508137e-06
39,0,1,8.784419463994642e-06
39,0,2,7.605295945363802e-06
39,0,3,5.83615592005988e-06
39,0,4,4.552280801894601e-06
39,0,5,4.667008830860388e-06
39,0,6,6.442215185915531e-06
39,0,7,9.074832040534644e-06
39,0,8,1.1333017924407762e-05
39,0,9,1.212743681998829e-05
39,0,10,1.1308593261928753e-05
39,0,11,9.491362430259396e-06
39,0,12,7.823683088811978e-06
39,0,13,7.070737152250291e-06
39,0,14,7.364326411931981e-06
39,0,15,7.944578947139216e-06
39,0,16,7.905693318686533e-06
39,0,17,6.6637695537603565e-06
39,0,18,4.674334628893391e-06
39,0,19,3.0167466770093386e-06
39,0,20,2.9323206472719364e-06
39,0,21,4.730574871706028e-06
39,0,22,7.770798517701006e-06
39,0,23,1.0618053214753837e-05
39,0,24,1.2236419025140536e-05
39,1,0,1.354668949893399e-05
39,1,1,1.3155750835306952e-05
39,1,2,1.1630739200480119e-05
39,1,3,1.0038497716296428e-05
39,1,4,9.631794235071824e-06
39,1,5,1.0507730050593315e-05
39,1,6,1.223854797037017e-05
39,1,7,1.3718237664542905e-05
39,1,8,1.4438310096518098e-05
39,1,9,1.4033845427484739e-05
39,1,10,1.2888164393334302e-05
39,1,11,1.1218766470672806e-05
39,1,12,9.732688485619625e-06
39,1,13,8.752921843013491e-06
39,1,14,8.741384356852758e-06
39,1,15,9.239349448196207e-06
39,1,16,9.721476962364865e-06
39,1,17,9.286349224701138e-06
39,1,18,8.117900991240902e-06
39,1,19,6.818445501006326e-06
39,1,20,6.752947329587448e-06
39,1,21,8.311443649449475e-06
39,1,22,1.1320212966411751e-05
39,1,23,1.4396474794804671e-05
39,1,24,1.6673471212178036e-05
39,2,0,1.7767055661438858e-06
39,2,1,1.4153434887602883e-06
39,2,2,3.8788776360447903e-07
39,2,3,-5.657590320601192e-08
39,2,4,8.3753458395419e-07
39,2,5,2.7736019960163452e-06
39,2,6,4.6221030749880225e-06
39,2,7,5.32024831697249e-06
39,2,8,4.508138657785223e-06
39,2,9,2.6284540973070682e-06
39,2,10,4.043998675348915e-07
39,2,11,-1.5652398593782795e-06
39,2,12,-2.950648239078346e-06
39,2,13,-3.554686243878658e-06
39,2,14,-3.3660031978330113e-06
39,2,15,-2.7075122892346196e-06
39,2,16,-2.297620301437028e-06
39,2,17,-2.7788063066763806e-06
39,2,18,-4.145739574527212e-06
39,2,19,-5.468803000986433e-06
39,2,20,-5.4853303389533275e-06
39,2,21,-3.4925764859711965e-06
39,2,22,5.2820656369852824e-08
39,2,23,3.9286348186276445e-06
39,2,24,6.998059065750747e-06
